Player,Date,MP,PTS,FGA,3PA,FTA,ORB,DRB,AST,STL,BLK,TOV,PF
Player_26,2025-02-02,32.59,20.6,22.7,5.4,0.0,3,6,1,3,1,1,3
Player_37,2025-03-23,18.53,13.6,6.6,0.0,4.0,0,3,4,0,0,4,2
Player_38,2024-10-16,29.49,30.0,18.9,9.2,2.4,3,0,2,1,2,1,4
Player_34,2024-11-18,9.53,2.0,5.6,0.0,3.8,0,1,0,0,0,0,1
Player_21,2025-01-12,24.31,33.0,13.8,3.8,2.0,2,8,4,4,3,2,4
Player_35,2024-10-30,33.58,31.5,17.7,7.4,0.0,2,10,6,4,3,5,0
Player_31,2025-03-04,18.32,13.9,13.6,5.7,2.8,0,5,3,1,1,2,4
Player_26,2024-12-15,25.19,26.4,19.7,6.5,8.5,1,9,1,3,3,0,1
Player_44,2024-10-15,21.14,18.8,10.4,5.0,1.3,0,3,5,0,1,1,1
Player_08,2024-11-19,24.46,21.8,14.3,4.4,3.1,1,3,0,1,1,1,4
Player_41,2025-02-22,35.26,36.5,25.3,10.7,6.7,2,9,8,0,0,4,2
Player_04,2025-04-13,25.20,21.4,14.0,7.2,4.2,3,4,1,2,1,1,3
Player_32,2024-12-25,30.39,21.4,16.2,6.8,0.0,2,8,1,1,0,1,2
Player_49,2025-03-16,40.00,35.4,26.3,9.0,6.9,2,9,5,2,2,3,4
Player_48,2024-11-30,23.34,34.2,18.4,6.6,6.3,0,2,6,2,1,3,0
Player_46,2025-01-14,14.06,13.3,12.8,5.2,0.0,0,4,0,1,1,1,2
Player_15,2024-10-27,29.48,36.1,22.2,9.3,3.0,2,11,6,1,1,4,2
Player_45,2025-03-19,26.02,28.5,15.9,5.7,3.7,2,2,1,1,2,0,2
Player_38,2025-03-30,25.11,20.5,16.8,1.6,3.0,1,7,3,0,0,2,5
Player_16,2025-01-16,22.40,10.6,15.0,5.9,3.4,1,8,1,2,2,0,0
Player_28,2024-11-08,28.35,35.0,19.0,7.0,5.6,4,1,0,1,1,0,2
Player_10,2024-11-30,30.33,34.8,18.0,6.2,6.2,2,1,3,3,1,0,5
Player_19,2025-02-06,28.22,41.9,19.8,7.2,5.8,0,5,2,0,0,0,3
Player_27,2024-10-20,20.34,17.1,16.0,6.7,9.4,2,1,3,1,1,1,1
Player_12,2024-12-01,38.07,45.4,24.1,9.5,7.7,3,5,3,4,2,3,4
Player_13,2024-11-28,19.41,14.7,7.6,0.7,0.0,1,5,1,1,0,1,3
Player_06,2024-11-19,23.43,19.3,14.4,1.3,3.4,0,4,5,2,2,1,0
Player_50,2024-12-08,34.39,31.8,20.6,9.6,3.0,2,8,5,1,0,3,2
Player_46,2025-01-28,23.46,25.7,14.7,5.6,2.9,2,3,5,2,1,2,4
Player_48,2025-02-11,30.38,31.8,16.8,8.5,5.1,1,9,5,2,1,2,3
Player_18,2024-10-22,12.26,3.0,3.3,0.2,0.0,0,0,3,2,1,1,2
Player_08,2024-11-27,21.22,15.6,14.6,2.4,0.0,2,0,1,0,1,0,3
Player_31,2025-02-12,30.21,32.4,14.8,6.2,1.5,0,9,6,2,0,7,3
Player_25,2025-02-17,9.19,7.1,4.4,0.0,0.5,0,2,0,0,0,0,0
Player_19,2025-01-27,25.52,32.6,18.2,7.5,5.9,3,5,0,2,1,0,1
Player_11,2025-02-07,36.58,43.2,30.4,12.4,4.8,5,7,5,0,0,1,4
Player_35,2024-12-29,28.40,21.1,21.1,4.1,4.9,0,5,6,3,1,0,0
Player_29,2025-03-08,26.50,45.4,21.1,5.3,8.6,4,9,8,2,2,3,1
Player_46,2025-01-26,22.17,8.0,15.4,3.0,2.3,0,4,1,1,0,2,2
Player_04,2024-10-25,17.56,12.7,16.0,4.4,0.0,0,1,1,1,1,0,2
Player_17,2024-10-27,32.19,37.7,20.8,9.5,5.4,2,9,2,2,3,3,1
Player_06,2024-10-20,27.15,22.4,14.1,2.3,1.2,1,7,5,1,2,4,2
Player_16,2024-11-30,20.09,31.8,13.8,3.2,3.9,1,4,0,2,1,0,1
Player_49,2025-03-21,38.35,38.7,27.3,11.7,5.4,4,8,1,3,0,3,3
Player_15,2025-03-16,34.06,34.0,19.9,10.2,0.0,3,5,6,4,1,3,2
Player_14,2025-03-29,23.36,21.3,14.3,3.4,0.8,1,2,0,0,0,5,3
Player_47,2025-03-17,29.39,31.3,23.0,11.0,3.8,2,9,3,2,1,4,3
Player_30,2025-02-13,35.22,27.7,21.5,4.8,5.4,1,7,8,4,0,3,1
Player_22,2025-04-08,27.59,28.3,18.4,4.0,4.3,3,5,4,3,0,4,6
Player_43,2024-10-29,19.59,12.2,9.9,0.0,0.7,2,4,5,1,0,5,2
Player_29,2024-10-17,25.03,13.3,16.8,7.1,4.6,2,4,3,3,1,2,3
Player_45,2025-02-14,29.19,32.0,20.2,6.2,5.0,0,9,0,2,0,0,1
Player_14,2024-11-20,24.15,23.5,13.3,5.9,0.0,1,7,1,1,0,4,5
Player_29,2025-01-24,26.37,33.4,17.9,5.5,6.2,2,6,6,1,1,4,1
Player_02,2025-01-06,32.39,41.6,23.2,11.7,6.6,4,8,8,1,0,2,0
Player_02,2025-02-24,32.24,26.9,20.5,5.0,0.3,1,5,2,3,1,0,1
Player_31,2024-12-06,21.47,38.2,16.9,8.4,1.3,0,5,5,1,3,4,3
Player_01,2025-02-24,14.41,26.6,9.3,5.2,1.5,0,3,6,1,1,4,2
Player_12,2025-01-26,38.23,30.2,22.2,7.6,6.0,4,4,1,3,2,0,1
Player_42,2024-12-18,15.15,15.7,9.3,5.5,2.1,2,4,3,2,0,0,1
Player_15,2025-02-27,34.51,35.0,23.3,6.8,2.5,1,7,7,2,2,3,5
Player_03,2025-03-07,21.10,16.2,14.0,3.0,0.0,0,4,3,3,2,0,0
Player_27,2025-03-27,33.07,33.0,18.4,6.0,3.3,1,4,8,2,3,2,2
Player_12,2024-11-27,34.29,42.3,24.6,11.3,2.6,2,8,3,4,1,2,4
Player_30,2025-03-09,42.00,38.3,26.7,9.5,5.7,3,8,0,3,2,5,5
Player_35,2025-01-26,29.17,23.7,24.1,9.6,2.4,1,6,6,3,3,0,0
Player_34,2024-12-11,9.07,11.5,0.3,0.0,0.0,1,4,2,2,0,2,1
Player_44,2025-01-07,23.47,12.1,14.5,4.0,3.1,1,0,3,1,0,4,2
Player_04,2025-01-21,22.46,29.5,18.1,8.3,3.6,1,5,2,2,2,0,2
Player_27,2025-03-28,24.39,8.2,10.8,5.0,0.0,1,7,5,1,1,1,2
Player_06,2025-01-13,21.40,12.6,8.5,0.0,0.0,0,0,5,3,0,2,1
Player_25,2024-12-26,19.08,30.8,15.3,2.2,2.0,0,4,3,3,1,4,2
Player_30,2024-10-26,40.25,31.3,27.6,11.0,4.3,3,9,7,3,1,4,3
Player_38,2024-10-20,26.28,37.2,19.2,4.3,3.0,3,7,2,1,1,4,2
Player_15,2025-01-25,36.50,27.4,22.1,12.4,6.4,3,8,5,3,1,4,1
Player_15,2025-01-06,42.00,40.6,21.9,7.3,7.3,3,6,6,2,2,6,5
Player_33,2025-02-11,19.55,22.2,14.2,4.5,4.6,0,5,2,0,1,4,3
Player_03,2024-12-07,15.02,11.1,5.7,0.0,1.2,1,3,0,1,0,1,0
Player_29,2025-04-07,25.15,29.8,19.1,6.2,2.4,2,2,6,1,2,3,4
Player_16,2024-11-16,16.19,19.6,10.5,4.7,0.2,0,1,2,2,1,2,3
Player_35,2024-11-01,27.47,28.1,19.2,10.7,2.8,4,7,4,4,2,1,0
Player_04,2025-01-01,18.18,17.0,11.3,0.9,2.9,1,0,3,2,1,1,0
Player_14,2025-03-20,27.45,35.5,23.5,8.7,4.0,1,7,3,0,1,0,4
Player_04,2025-01-05,21.04,28.0,16.6,8.4,6.6,3,4,4,2,1,1,2
Player_16,2025-01-07,19.30,29.6,18.0,8.9,3.8,1,5,0,2,1,0,1
Player_28,2024-11-07,31.33,28.7,14.9,6.9,3.0,1,5,0,1,0,2,4
Player_50,2025-03-17,41.15,40.6,29.8,12.9,7.3,2,7,5,1,0,4,3
Player_36,2025-03-23,26.18,29.2,17.2,5.1,3.0,1,4,4,1,0,1,0
Player_38,2025-02-12,29.09,19.5,16.9,2.3,0.0,2,12,7,0,0,0,1
Player_17,2024-10-17,27.38,38.9,21.7,10.2,4.5,4,6,6,1,0,2,2
Player_19,2025-03-29,21.15,23.8,14.5,5.8,3.3,0,1,0,0,0,2,5
Player_23,2025-02-21,23.06,37.0,18.9,7.2,3.6,2,4,1,4,3,3,3
Player_26,2025-03-23,26.53,35.6,17.7,8.2,5.4,1,0,0,3,0,1,3
Player_12,2025-01-03,36.18,44.4,24.9,10.4,4.5,3,9,3,5,2,2,2
Player_40,2025-01-06,17.57,26.2,16.5,8.4,0.8,0,2,5,0,0,5,2
Player_22,2025-02-27,32.01,30.7,19.6,6.6,5.4,1,6,5,4,2,6,3
Player_38,2025-04-13,27.34,32.4,18.8,8.8,0.1,2,4,6,1,0,2,5
Player_05,2025-01-14,30.40,25.1,17.7,7.0,7.8,3,7,3,2,0,3,4
Player_04,2024-12-01,17.31,28.5,14.9,6.6,3.1,2,4,5,2,1,1,0
Player_42,2025-01-27,13.29,0.0,3.2,0.0,1.2,0,2,0,1,0,0,0
Player_37,2024-10-23,16.30,14.3,6.1,0.0,0.5,0,0,1,1,1,2,2
Player_18,2024-12-04,8.00,0.0,0.0,0.0,0.0,0,0,5,3,2,1,2
Player_48,2024-11-16,29.53,30.6,18.1,5.9,4.2,0,2,4,3,1,0,0
Player_14,2024-10-19,29.15,19.1,14.0,2.7,5.4,1,4,0,0,0,2,3
Player_32,2024-12-11,26.19,38.4,22.5,5.8,3.7,2,7,4,2,2,0,4
Player_33,2024-10-31,29.09,11.3,12.3,1.3,2.2,0,4,1,3,2,3,5
Player_28,2024-12-20,26.43,19.2,12.9,2.8,0.7,1,6,6,1,2,0,0
Player_49,2024-12-13,36.32,49.1,26.4,9.4,1.6,5,5,7,3,1,3,6
Player_09,2025-02-25,31.50,16.7,15.3,5.0,6.1,1,6,5,4,1,2,6
Player_47,2024-12-29,29.00,30.2,18.3,6.8,7.6,2,3,6,1,1,2,5
Player_27,2024-10-22,32.39,41.6,20.7,8.9,4.9,2,8,5,4,3,3,2
Player_42,2024-12-30,17.27,13.7,8.7,1.3,0.0,2,1,1,0,0,2,4
Player_50,2024-12-05,42.00,41.0,25.7,10.7,7.1,3,5,4,2,0,0,3
Player_42,2024-11-21,18.21,16.9,12.6,2.6,0.0,1,3,2,2,0,0,0
Player_05,2025-01-12,37.13,51.9,28.2,10.8,7.3,2,7,4,2,2,4,4
Player_22,2025-01-13,21.22,19.2,11.0,7.2,2.6,0,4,0,1,2,4,0
Player_10,2025-04-10,23.56,22.5,15.7,8.7,1.9,2,10,0,0,2,0,2
Player_50,2024-10-16,42.00,42.7,33.2,15.7,6.7,4,10,4,1,0,3,2
Player_27,2025-01-14,27.48,27.7,18.7,7.3,0.3,1,5,6,1,2,1,3
Player_15,2025-02-07,37.27,38.6,24.3,11.6,7.2,3,11,6,4,2,9,1
Player_46,2024-11-15,18.40,29.7,8.7,4.4,3.2,0,0,0,3,1,1,4
Player_22,2024-10-24,25.49,21.8,18.1,4.0,1.2,0,7,5,4,1,3,1
Player_36,2025-03-21,31.18,32.1,23.0,10.2,4.7,1,8,4,0,0,0,2
Player_14,2024-11-19,19.31,28.8,22.9,7.5,1.1,3,2,2,0,0,1,4
Player_13,2024-12-25,22.00,28.3,16.9,5.6,5.4,1,4,5,0,3,3,3
Player_28,2025-02-07,24.56,22.5,16.7,2.8,3.2,1,2,2,1,1,0,2
Player_29,2025-03-03,23.32,27.3,18.1,1.8,7.6,2,6,4,0,2,2,3
Player_23,2024-12-03,16.04,37.6,16.4,4.6,2.9,0,2,4,0,0,5,4
Player_44,2025-01-09,23.15,8.6,7.5,3.2,1.1,1,3,0,0,0,0,3
Player_40,2025-03-27,24.11,18.7,11.9,5.7,0.2,2,3,4,0,0,1,3
Player_30,2025-02-09,30.17,52.7,28.3,11.0,9.5,3,7,3,3,2,0,2
Player_43,2024-12-24,16.45,19.2,11.7,3.7,0.8,0,4,4,0,0,3,1
Player_14,2024-12-27,26.58,25.9,19.8,7.7,3.3,1,5,3,0,0,2,6
Player_50,2025-02-11,37.23,54.3,29.0,11.5,5.7,4,9,6,1,1,4,2
Player_27,2024-11-02,24.19,11.3,18.0,5.2,1.9,1,3,1,2,2,4,2
Player_03,2025-03-13,17.52,19.2,7.4,1.2,0.0,0,3,1,1,1,0,0
Player_06,2025-04-10,24.01,25.1,12.2,1.7,0.0,0,6,2,2,1,2,1
Player_12,2024-12-26,35.07,46.9,28.1,10.8,6.0,4,7,0,2,2,4,5
Player_02,2025-01-12,34.56,41.1,26.7,10.7,6.6,2,7,4,2,0,1,1
Player_04,2025-03-13,32.14,35.6,24.6,8.4,5.2,2,7,4,4,1,3,1
Player_03,2025-01-02,10.50,6.6,3.7,0.0,1.4,0,0,0,2,1,4,1
Player_13,2025-03-04,18.26,25.4,15.3,3.2,3.7,0,0,5,0,1,2,2
Player_37,2024-12-05,22.06,8.8,8.4,0.0,1.2,0,5,5,1,1,2,0
Player_15,2024-11-01,29.00,34.4,19.5,6.9,2.8,2,6,8,1,1,2,3
Player_46,2024-11-17,19.48,13.6,10.2,2.0,0.0,0,0,4,0,2,0,4
Player_47,2024-10-30,38.30,48.6,22.4,6.6,6.9,2,4,7,2,2,5,4
Player_41,2025-02-15,31.59,47.6,26.4,11.1,3.6,5,7,2,0,1,6,4
Player_13,2025-01-27,20.19,24.2,14.8,2.5,3.5,0,2,5,1,0,3,2
Player_42,2024-12-21,11.54,4.3,6.8,1.9,0.0,0,6,0,0,0,0,0
Player_16,2025-01-23,28.47,30.9,16.9,6.8,4.6,1,6,3,4,2,0,2
Player_33,2024-10-18,25.37,19.2,15.2,6.9,0.0,1,7,7,0,0,5,3
Player_09,2024-10-30,32.59,36.2,22.9,10.3,6.8,1,9,4,5,1,1,3
Player_50,2024-10-15,39.26,37.1,27.5,12.0,6.5,2,8,3,2,1,4,3
Player_22,2024-12-24,32.08,39.8,22.7,7.6,2.1,0,6,8,4,2,6,3
Player_48,2024-12-18,26.49,19.8,13.9,3.6,3.4,2,7,5,1,0,0,2
Player_24,2024-12-23,8.00,14.0,2.5,0.0,2.7,0,0,0,1,0,0,0
Player_16,2024-11-23,26.22,22.8,18.9,3.1,1.3,2,0,0,1,2,0,3
Player_35,2025-03-25,23.12,22.3,16.1,7.1,3.8,2,5,6,3,1,1,0
Player_04,2024-10-31,18.48,7.8,8.2,3.4,1.7,1,7,1,4,1,0,1
Player_45,2025-04-07,24.57,41.0,19.7,9.2,4.4,4,3,6,2,2,0,3
Player_30,2025-01-23,35.43,43.7,24.0,11.3,9.1,5,9,4,2,1,0,1
Player_39,2024-10-30,23.59,34.8,17.9,4.4,0.3,1,0,1,1,1,5,0
Player_33,2025-01-17,22.23,10.8,14.3,6.2,0.0,0,5,3,2,0,8,2
Player_33,2025-01-21,26.05,21.6,16.4,5.1,2.5,0,6,3,2,0,3,2
Player_44,2024-12-08,20.00,17.2,8.6,4.1,0.3,2,3,3,1,0,2,5
Player_34,2025-02-03,15.56,9.2,5.2,0.0,0.0,0,0,0,0,1,4,2
Player_15,2025-03-13,32.17,37.8,19.4,7.9,6.2,2,3,4,2,3,4,2
Player_35,2025-01-08,23.28,24.8,12.8,4.3,2.0,3,4,3,2,1,0,0
Player_16,2024-12-04,16.44,19.3,7.2,3.7,0.0,3,5,0,1,2,0,1
Player_16,2024-11-25,28.40,24.9,15.4,4.3,0.0,2,6,6,2,1,0,3
Player_19,2024-11-05,40.30,39.1,23.9,8.3,3.9,2,4,2,2,1,3,6
Player_24,2025-04-02,15.42,5.1,3.5,0.0,0.0,0,0,3,0,1,0,2
Player_06,2025-02-08,19.01,17.6,12.9,4.9,0.0,0,6,5,2,1,1,1
Player_50,2024-12-27,29.03,46.9,25.0,8.1,6.5,4,6,4,1,0,4,4
Player_25,2024-11-11,22.18,16.9,13.9,3.9,1.1,0,2,4,1,1,0,4
Player_19,2024-11-25,23.34,8.6,16.2,3.4,1.6,1,2,0,2,1,2,4
Player_13,2025-04-11,20.22,25.5,13.9,1.6,0.0,3,3,1,1,0,4,2
Player_14,2024-11-16,27.12,29.0,20.8,13.2,3.3,2,4,0,2,0,1,2
Player_41,2024-12-11,27.21,33.2,18.3,8.7,0.3,3,5,6,0,1,3,2
Player_35,2024-10-25,24.34,36.0,17.6,12.5,6.1,1,6,6,1,3,0,0
Player_25,2024-12-27,18.32,30.9,16.8,2.3,5.0,0,5,0,2,1,3,2
Player_34,2025-02-10,16.38,7.8,5.7,0.0,1.0,0,1,0,0,1,1,4
Player_19,2025-03-10,23.14,21.2,11.3,3.5,2.8,1,7,0,2,0,2,1
Player_26,2025-04-05,26.10,18.3,15.2,1.3,4.6,0,3,2,2,1,0,1
Player_43,2024-11-30,21.14,22.0,7.5,2.6,0.0,2,4,3,0,0,1,3
Player_08,2024-11-20,26.16,21.1,17.2,4.9,7.7,1,3,2,1,0,2,2
Player_18,2025-02-04,10.27,2.9,4.5,1.0,0.0,0,0,3,2,2,4,0
Player_19,2024-12-13,27.49,30.1,17.3,3.4,2.3,2,3,2,1,1,2,6
Player_48,2024-12-19,23.32,43.9,23.4,7.1,4.4,0,8,5,2,2,0,1
Player_38,2025-01-08,21.48,27.3,17.6,8.7,3.5,1,9,2,1,0,3,0
Player_48,2025-02-13,26.53,27.3,19.5,6.0,5.2,2,4,6,2,1,1,4
Player_42,2025-02-28,15.04,12.2,9.1,1.7,1.4,0,4,1,3,0,0,4
Player_34,2024-10-16,16.39,9.7,6.5,0.0,0.3,0,3,0,1,3,1,4
Player_11,2025-02-23,42.00,30.2,25.3,11.2,8.5,3,10,2,0,0,1,4
Player_12,2024-12-12,33.57,28.8,19.1,5.5,6.4,2,4,4,3,2,3,1
Player_21,2024-11-30,17.35,24.2,11.0,4.0,4.5,1,5,5,3,2,3,3
Player_17,2024-12-27,27.09,39.7,20.9,14.2,5.2,4,9,5,1,2,0,4
Player_12,2024-11-26,42.00,48.8,27.4,11.0,7.8,3,7,6,4,1,0,5
Player_31,2024-11-03,15.01,29.7,15.7,3.2,4.3,0,3,6,1,0,5,2
Player_05,2024-10-22,33.17,43.0,23.1,11.8,0.0,1,4,3,2,0,1,2
Player_02,2025-02-06,36.43,45.5,28.7,11.7,5.6,3,12,8,1,1,2,0
Player_27,2025-01-15,33.49,29.6,20.8,7.8,3.3,3,3,3,3,3,0,4
Player_35,2025-03-07,28.37,21.6,19.7,9.8,1.5,2,5,3,3,3,1,0
Player_28,2025-01-12,33.49,20.0,21.0,5.6,0.2,1,7,3,1,0,0,5
Player_42,2025-04-08,22.51,21.5,11.8,1.5,1.6,2,1,4,1,2,0,1
Player_30,2025-01-29,31.52,34.9,22.5,8.2,2.4,2,6,2,3,0,0,3
Player_09,2025-01-27,29.07,33.4,21.8,4.6,3.1,3,4,0,3,2,2,0
Player_47,2025-01-03,35.30,43.2,23.4,11.7,5.2,5,6,6,4,0,1,2
Player_25,2025-01-05,8.00,12.9,4.4,0.0,1.7,0,1,3,0,1,0,0
Player_42,2025-01-02,22.07,13.2,12.9,6.1,3.2,0,4,0,1,0,0,1
Player_04,2024-12-12,18.27,11.3,12.5,1.4,1.7,0,6,3,1,1,1,1
Player_08,2024-12-15,26.22,16.8,14.2,6.5,0.2,3,12,1,1,0,0,1
Player_47,2025-03-18,28.23,32.4,20.0,11.0,6.2,3,4,3,3,0,3,3
Player_42,2025-02-23,19.40,19.9,11.0,4.8,4.0,0,4,2,0,0,0,2
Player_33,2025-04-11,26.56,21.3,19.6,2.4,3.6,0,4,4,0,1,4,3
Player_17,2024-12-08,32.14,35.1,19.5,5.9,0.8,4,7,6,1,3,1,2
Player_34,2024-12-31,16.01,10.5,6.0,0.0,0.0,2,4,0,1,1,1,2
Player_13,2025-03-14,24.14,21.7,15.1,3.5,0.0,1,5,4,0,1,6,2
Player_46,2025-03-12,15.56,0.0,9.1,3.6,0.1,1,0,1,2,1,0,0
Player_36,2025-01-03,21.14,14.1,10.5,3.3,2.3,1,6,5,1,0,6,0
Player_16,2024-11-09,20.24,20.7,12.0,3.1,3.2,0,8,0,3,0,0,0
Player_37,2025-02-26,14.35,12.1,6.0,1.1,2.3,0,0,7,1,2,3,2
Player_49,2025-04-06,36.37,32.7,26.8,10.4,4.3,4,8,5,4,2,3,3
Player_03,2025-01-25,18.03,1.3,8.7,1.7,1.0,1,4,0,0,2,2,0
Player_46,2024-12-28,21.42,25.7,13.9,0.0,4.4,0,9,5,1,1,0,2
Player_01,2024-11-17,18.00,8.1,7.2,0.0,1.8,0,4,2,2,1,2,3
Player_27,2025-04-06,26.53,24.2,17.4,7.3,3.8,1,0,4,2,1,3,4
Player_18,2024-11-30,13.01,1.3,1.4,1.4,0.0,0,0,2,1,2,1,3
Player_46,2025-01-31,19.57,14.5,16.8,5.3,0.3,0,1,5,3,1,1,4
Player_27,2025-01-20,18.59,21.8,9.3,3.5,1.8,2,2,1,2,2,2,0
Player_17,2025-04-02,35.32,40.7,19.8,8.0,4.9,4,6,7,3,0,0,4
Player_50,2025-02-10,37.39,48.4,25.6,10.7,1.9,0,5,6,0,0,0,2
Player_25,2024-10-18,15.44,0.0,4.3,0.0,1.7,0,1,0,2,1,0,1
Player_29,2025-01-06,26.03,21.6,19.9,5.2,1.3,2,2,2,2,1,2,2
Player_02,2025-03-29,24.35,24.1,22.8,10.8,3.4,0,0,1,3,1,0,1
Player_02,2025-03-17,31.19,39.1,24.2,8.8,7.2,1,6,8,1,2,0,2
Player_12,2025-04-02,35.42,40.6,27.2,10.3,6.0,4,9,3,3,3,3,1
Player_49,2025-01-08,34.19,41.5,25.9,11.3,3.7,2,7,6,2,1,0,6
Player_11,2024-12-19,36.35,46.4,24.8,15.3,6.5,3,9,3,2,0,4,5
Player_17,2025-01-03,20.36,33.2,18.7,7.3,5.6,1,1,3,2,1,3,0
Player_01,2024-12-16,17.32,0.4,6.7,2.2,0.0,0,4,4,2,1,2,2
Player_11,2025-03-31,32.11,48.6,21.4,10.7,7.2,4,5,0,0,1,2,2
Player_26,2024-12-20,22.23,10.4,14.0,4.6,3.6,0,7,1,2,2,3,2
Player_40,2025-03-26,19.35,18.6,8.2,4.3,0.5,0,2,5,0,1,1,3
Player_16,2024-11-13,23.18,16.5,11.7,1.0,1.9,0,2,3,2,2,0,2
Player_06,2025-01-24,14.05,14.4,3.8,0.0,0.0,0,1,2,2,2,2,1
Player_22,2024-12-30,27.02,23.2,15.7,1.2,5.5,1,3,1,2,3,6,0
Player_04,2025-04-14,24.11,18.5,17.1,5.6,1.6,1,4,3,4,1,0,0
Player_05,2024-12-26,25.28,39.4,19.8,6.2,4.2,3,7,7,3,1,5,2
Player_15,2024-12-03,40.42,39.3,28.1,11.2,4.2,3,6,6,3,2,3,2
Player_05,2024-12-11,27.11,33.6,26.6,10.6,7.2,2,5,2,0,0,0,0
Player_50,2025-01-21,33.55,42.6,28.9,12.2,5.5,2,11,6,2,0,2,3
Player_40,2025-01-28,21.08,20.6,13.2,3.2,1.2,0,5,0,0,0,1,4
Player_46,2024-12-20,13.41,14.5,12.8,1.7,1.3,0,2,1,1,0,0,2
Player_20,2025-01-31,25.25,31.1,23.5,10.5,3.2,4,4,0,2,1,4,2
Player_16,2025-01-27,18.31,11.4,13.9,2.1,2.3,1,5,3,2,1,1,0
Player_26,2025-01-29,25.55,16.6,14.8,0.0,3.1,2,2,1,3,0,0,2
Player_47,2024-11-21,32.37,38.3,22.8,6.6,4.1,2,5,5,2,1,4,2
Player_47,2025-02-09,28.15,37.8,20.2,8.0,5.5,3,6,7,1,0,4,3
Player_01,2025-01-03,22.39,11.7,14.5,4.3,0.9,0,4,2,2,1,5,2
Player_37,2025-01-27,9.39,5.8,0.0,0.0,0.0,0,0,6,0,0,1,1
Player_24,2025-02-04,8.51,17.8,1.7,0.0,0.0,0,4,0,0,0,0,3
Player_06,2024-10-29,22.01,3.6,8.6,0.0,1.1,0,2,0,1,2,1,2
Player_14,2024-12-30,30.11,28.7,20.2,6.9,3.3,2,8,1,1,0,1,6
Player_18,2025-03-19,16.17,12.1,7.0,0.2,0.0,0,1,3,3,2,2,1
Player_44,2025-01-11,21.03,14.8,13.2,4.2,1.1,1,4,0,1,0,3,1
Player_40,2025-03-14,19.58,4.3,6.5,0.3,1.9,0,4,0,0,0,2,1
Player_19,2025-03-17,22.54,21.6,10.3,4.6,0.0,0,2,0,1,0,1,1
Player_32,2024-11-11,24.33,35.3,19.2,11.6,4.3,0,0,0,3,0,0,3
Player_19,2025-03-18,28.40,22.5,14.6,0.8,2.1,2,5,0,0,2,0,2
Player_25,2024-11-22,11.59,4.3,3.1,0.4,0.0,0,0,1,0,0,0,0
Player_06,2025-04-01,14.34,17.0,12.8,1.4,1.9,1,1,2,0,2,1,0
Player_46,2025-01-21,17.15,0.1,5.9,1.0,2.3,0,3,3,0,1,4,2
Player_13,2025-03-17,22.16,15.5,11.2,3.8,0.3,0,4,6,3,1,2,6
Player_26,2025-03-30,24.49,29.9,15.8,5.8,2.5,2,2,2,2,1,2,2
Player_01,2025-02-21,15.36,18.6,15.7,2.5,4.0,0,5,4,1,1,1,2
Player_11,2025-01-09,37.49,51.4,32.3,16.4,3.4,6,5,7,2,0,4,3
Player_30,2025-02-24,35.50,35.0,24.0,10.1,6.7,2,7,7,1,3,0,2
Player_05,2024-11-29,33.23,33.8,29.0,8.4,4.0,4,4,1,2,2,3,2
Player_40,2024-11-17,18.35,5.3,7.0,1.2,0.0,1,3,2,1,0,2,3
Player_29,2025-03-22,23.52,27.6,17.8,4.6,4.4,1,5,7,1,2,1,2
Player_40,2025-03-10,23.32,23.3,11.6,2.5,2.9,1,3,7,0,1,0,3
Player_13,2024-12-30,21.46,27.1,12.8,6.2,1.5,0,6,2,1,0,3,5
Player_15,2025-01-11,29.49,33.2,22.0,5.4,3.9,2,3,4,2,1,5,3
Player_12,2024-12-05,42.00,41.2,25.9,8.4,5.4,3,6,3,3,2,2,5
Player_37,2024-11-02,17.42,12.1,7.5,2.0,1.0,0,1,4,0,0,4,0
Player_18,2025-04-09,15.04,11.8,7.0,0.0,0.2,0,0,2,2,2,3,0
Player_23,2025-01-09,19.06,17.9,11.5,0.3,0.0,2,3,5,2,1,3,0
Player_12,2025-03-09,42.00,37.3,27.7,11.0,3.6,4,12,3,4,0,2,3
Player_48,2025-03-14,28.10,32.0,18.6,9.7,2.6,0,5,7,2,1,2,3
Player_48,2025-01-29,27.19,27.3,18.5,5.6,3.0,2,8,2,1,0,0,1
Player_40,2025-03-08,15.48,15.0,10.2,2.3,0.0,0,6,2,0,0,2,0
Player_25,2025-03-16,13.10,13.9,7.7,2.4,1.2,0,3,4,1,2,2,1
Player_24,2025-01-09,14.15,4.6,8.3,1.8,1.5,0,0,0,0,0,0,1
Player_19,2024-11-07,28.59,21.1,15.1,3.7,2.8,0,2,0,0,0,0,2
Player_24,2025-02-17,21.22,4.7,9.3,1.6,0.0,0,1,0,0,0,0,2
Player_48,2024-11-07,19.53,8.1,12.1,3.7,0.2,1,6,5,3,2,0,0
Player_22,2024-12-02,27.11,32.8,20.8,8.9,3.3,1,1,6,3,3,2,2
Player_01,2025-01-19,13.41,13.9,9.2,3.7,5.1,4,3,0,0,1,1,1
Player_08,2025-03-22,24.37,17.6,13.4,2.1,5.7,0,2,0,1,0,0,4
Player_27,2025-03-03,24.16,29.3,20.7,9.6,3.8,0,1,4,3,0,1,4
Player_22,2025-04-09,28.54,29.0,23.7,10.0,0.0,2,12,6,1,2,1,4
Player_25,2024-10-30,10.58,6.7,1.6,1.2,0.0,0,0,3,0,1,0,4
Player_21,2025-03-17,19.58,11.3,8.3,3.1,1.4,0,5,0,3,3,4,3
Player_39,2025-02-16,21.57,26.9,15.5,0.0,7.6,1,5,4,1,1,1,1
Player_48,2025-03-12,27.18,37.7,20.3,5.9,2.9,1,5,1,0,1,0,3
Player_17,2025-01-05,31.30,34.0,18.8,7.8,8.1,3,2,0,3,1,3,1
Player_29,2025-01-09,33.11,28.8,20.7,8.7,1.4,1,7,6,2,1,4,3
Player_48,2024-11-03,22.40,22.0,16.1,1.9,3.4,1,1,2,1,2,1,3
Player_28,2025-03-29,23.10,18.2,10.7,2.6,1.5,2,5,2,1,2,6,2
Player_30,2024-12-21,32.05,40.7,23.4,11.4,5.1,4,6,3,1,0,3,5
Player_27,2024-11-11,28.43,19.0,20.6,7.3,3.6,2,5,7,3,3,4,3
Player_29,2025-02-22,23.33,34.7,16.1,9.1,2.4,2,6,2,1,1,3,2
Player_36,2024-12-28,18.32,26.2,17.4,6.6,3.4,0,3,8,0,0,0,2
Player_23,2024-12-31,14.50,27.8,13.4,2.2,2.3,0,2,2,1,1,0,2
Player_23,2025-03-25,21.33,13.2,10.1,4.4,2.0,4,7,3,2,1,1,1
Player_12,2025-03-13,41.36,35.8,28.0,10.2,2.0,2,11,0,3,2,5,4
Player_18,2024-12-06,13.03,1.1,0.7,0.0,0.0,0,2,0,0,3,3,0
Player_37,2025-01-16,12.41,8.6,0.1,0.0,0.0,1,6,3,0,0,2,1
Player_12,2024-12-06,42.00,52.4,27.8,10.9,6.4,4,14,2,4,3,0,4
Player_05,2024-10-30,37.41,37.3,24.4,7.0,1.2,3,5,5,1,1,3,4
Player_08,2025-02-06,24.55,28.3,16.5,5.1,8.5,2,3,0,0,1,0,2
Player_16,2024-10-20,20.48,16.9,10.7,0.0,2.6,1,3,0,2,0,0,1
Player_32,2024-10-16,18.27,27.2,15.3,4.2,2.1,1,0,1,0,0,0,0
Player_39,2025-02-13,24.44,24.5,15.9,11.3,3.5,0,5,1,0,2,4,3
Player_26,2024-10-26,34.01,43.7,26.5,8.1,6.9,1,7,0,1,2,0,3
Player_17,2025-03-30,30.17,22.4,23.7,6.5,2.9,2,4,4,3,2,2,1
Player_25,2024-11-04,13.14,10.9,5.8,0.0,0.0,0,2,2,2,2,2,3
Player_36,2025-02-26,31.20,35.1,24.0,9.1,4.2,3,3,2,1,0,2,1
Player_07,2025-03-29,27.33,28.3,18.1,3.8,1.4,3,1,8,3,1,1,0
Player_36,2024-11-24,26.33,14.1,15.6,4.7,0.0,1,6,6,1,0,5,0
Player_16,2024-11-27,22.51,28.1,12.7,5.9,3.2,1,3,5,1,2,0,4
Player_37,2024-12-06,15.55,7.6,9.7,0.0,0.0,0,3,3,0,0,3,1
Player_32,2024-10-23,24.34,9.7,9.6,1.8,2.5,1,0,2,1,2,0,0
Player_01,2024-10-22,19.59,13.1,12.3,4.8,2.2,1,3,4,2,0,2,1
Player_16,2024-12-13,21.32,13.8,11.7,6.4,3.8,1,8,0,2,2,0,2
Player_36,2024-12-16,19.48,13.3,10.8,5.0,0.5,0,4,10,1,0,2,0
Player_28,2024-10-31,30.48,34.5,23.2,5.0,3.9,2,5,4,1,2,4,3
Player_44,2025-03-08,21.06,15.4,11.5,5.1,0.1,0,3,0,0,0,4,2
Player_27,2024-11-24,22.00,26.1,18.3,7.1,0.6,2,4,2,3,2,0,4
Player_24,2025-03-25,13.05,4.8,3.2,0.3,0.0,0,0,0,0,0,0,0
Player_21,2024-10-19,17.14,13.6,14.2,4.1,1.4,2,0,3,4,2,0,2
Player_10,2024-10-23,31.01,33.9,20.0,8.5,2.3,3,4,6,4,1,0,2
Player_07,2025-02-10,31.18,27.9,21.6,7.0,5.6,3,7,6,1,3,5,3
Player_20,2024-12-28,35.58,19.4,18.1,8.4,6.3,3,9,1,0,1,4,4
Player_21,2025-03-02,21.27,17.7,13.8,1.2,2.6,1,6,4,0,2,0,0
Player_28,2024-12-01,24.55,14.9,11.1,4.3,1.7,0,3,0,3,0,0,3
Player_46,2025-01-30,18.03,6.9,10.9,1.3,0.0,0,0,6,0,2,2,1
Player_05,2025-01-20,25.52,28.2,17.0,7.6,4.8,4,5,4,0,2,1,2
Player_48,2024-12-10,31.56,34.1,28.6,10.2,0.9,2,4,7,2,1,4,3
Player_10,2025-04-01,32.00,29.1,17.6,5.7,5.0,0,2,6,1,1,0,2
Player_14,2025-03-12,26.05,34.1,20.5,4.6,1.2,1,2,2,1,1,3,4
Player_46,2024-12-25,18.24,16.6,9.4,5.2,0.0,1,3,2,0,0,1,1
Player_04,2025-01-15,18.15,5.1,12.6,3.6,1.6,2,4,3,2,2,0,0
Player_15,2025-01-13,32.15,36.8,20.2,8.3,4.7,0,4,9,2,0,7,2
Player_07,2025-03-20,34.05,33.0,19.2,2.8,3.3,2,3,7,3,2,2,3
Player_15,2025-03-29,33.21,29.3,19.8,9.9,4.1,3,6,5,3,1,3,4
Player_22,2024-10-22,31.44,11.9,17.4,3.8,0.6,3,7,5,0,4,2,6
Player_17,2024-10-16,37.05,31.0,23.9,8.2,3.8,2,4,2,2,1,4,3
Player_08,2025-01-11,23.39,11.8,14.2,5.9,3.1,2,5,2,1,1,2,1
Player_21,2025-04-14,17.54,13.8,12.8,2.0,3.5,3,3,0,1,2,2,3
Player_29,2025-02-15,24.45,33.9,16.4,7.5,4.1,2,4,4,1,2,5,1
Player_08,2024-11-12,27.48,24.5,17.4,6.2,6.7,0,7,0,1,2,2,3
Player_23,2025-02-12,18.48,26.8,15.2,2.5,5.1,0,1,1,1,2,3,3
Player_09,2025-01-19,33.57,31.4,19.4,8.5,1.5,2,6,6,2,0,3,2
Player_02,2025-01-31,25.17,17.5,17.3,6.1,1.7,1,6,2,1,1,1,0
Player_39,2024-12-27,20.57,33.1,15.0,5.8,4.7,0,2,5,1,1,1,4
Player_11,2024-12-23,37.59,40.1,26.7,9.5,4.8,5,8,4,0,1,5,4
Player_20,2024-11-04,33.21,31.3,25.2,8.7,2.6,5,13,3,0,0,2,4
Player_43,2025-01-20,23.03,9.5,14.9,4.1,1.6,1,3,2,0,0,3,2
Player_09,2025-03-12,33.35,35.0,22.2,7.3,2.3,1,7,5,2,1,3,2
Player_36,2024-12-13,30.43,21.8,19.0,4.0,3.4,3,6,4,0,0,2,2
Player_08,2024-11-30,24.58,26.6,15.4,7.4,0.9,2,7,2,3,0,0,1
Player_10,2024-11-10,29.35,38.8,22.3,8.6,6.6,3,9,4,2,1,1,5
Player_01,2025-01-09,20.19,20.3,15.9,5.9,3.1,2,0,2,1,1,0,3
Player_38,2024-11-14,33.16,39.3,27.4,11.9,5.1,1,9,5,0,0,8,3
Player_24,2025-03-31,15.18,9.6,6.3,0.0,4.7,0,2,2,0,0,0,0
Player_04,2025-04-03,18.24,21.8,16.9,5.4,2.6,0,3,0,1,1,3,5
Player_46,2025-03-22,13.32,5.2,7.2,0.8,0.0,1,0,0,2,0,1,2
Player_41,2025-03-21,33.35,44.9,24.6,7.4,10.2,2,7,5,0,0,3,2
Player_13,2024-12-27,29.14,34.6,13.3,6.9,1.6,1,2,5,1,1,2,5
Player_08,2025-01-22,30.17,24.9,14.6,3.7,4.3,1,4,4,0,0,1,3
Player_40,2025-02-10,27.59,11.0,15.6,4.3,0.6,1,2,6,1,1,0,5
Player_13,2024-11-02,24.11,9.3,12.4,3.3,2.5,1,9,2,1,1,2,2
Player_12,2025-01-12,33.14,40.0,21.1,6.3,6.8,4,9,3,4,1,3,3
Player_47,2025-02-27,24.50,28.3,20.5,7.4,2.4,3,2,9,1,2,3,5
Player_25,2025-02-28,14.05,10.3,5.4,4.8,0.0,0,10,2,0,2,0,2
Player_07,2025-03-22,29.36,10.3,16.7,6.3,3.7,1,7,4,4,3,0,3
Player_50,2025-01-04,29.09,37.3,22.0,10.1,1.4,1,9,3,0,0,3,0
Player_39,2025-01-13,27.22,33.0,15.0,8.8,4.4,1,8,1,3,2,1,4
Player_11,2024-10-16,37.06,31.0,24.3,6.9,5.6,1,7,8,0,0,2,3
Player_03,2024-12-16,22.48,14.5,4.6,3.0,5.1,0,0,2,1,1,0,2
Player_35,2025-03-13,30.19,44.7,26.3,13.3,9.2,1,7,7,4,2,3,1
Player_06,2025-01-14,23.09,4.9,8.0,0.8,2.6,0,4,7,2,2,1,1
Player_29,2025-03-23,33.50,30.4,22.1,10.9,2.7,2,7,6,4,2,6,3
Player_03,2025-03-17,12.23,0.0,0.5,0.0,0.0,0,4,0,1,2,0,0
Player_21,2024-11-07,14.19,21.2,12.6,2.9,1.2,0,2,0,1,3,2,2
Player_23,2024-11-03,13.34,12.9,9.7,1.9,2.2,4,2,0,2,1,4,3
Player_38,2025-03-10,28.23,21.3,21.4,10.9,1.1,3,0,2,3,0,3,4
Player_50,2025-03-15,39.06,47.4,25.4,13.4,7.1,2,6,5,1,2,4,2
Player_02,2025-01-10,37.05,36.4,21.8,5.4,3.1,3,9,4,0,0,0,1
Player_24,2025-02-16,12.48,1.7,4.1,0.1,3.1,0,0,0,0,0,0,1
Player_27,2025-02-06,28.11,25.8,19.7,6.1,1.5,3,7,6,2,3,1,3
Player_27,2024-11-19,30.43,29.9,22.5,6.0,1.9,4,3,7,3,2,2,0
Player_31,2025-01-06,20.49,21.1,9.2,2.2,0.0,2,5,3,1,2,1,3
Player_35,2025-02-15,30.01,40.3,20.9,9.0,8.1,2,6,8,3,1,1,2
Player_47,2025-03-20,25.24,36.6,17.1,5.4,6.3,2,4,4,2,1,4,1
Player_17,2025-02-22,23.02,27.6,21.7,9.5,5.1,1,1,1,2,2,3,2
Player_03,2025-02-07,20.58,29.0,12.2,4.8,2.6,1,4,3,0,1,0,0
Player_26,2024-10-28,25.20,32.5,14.8,2.9,2.4,1,4,6,1,2,0,2
Player_26,2024-12-25,25.23,20.6,20.3,7.9,5.0,2,1,0,2,1,0,0
Player_47,2025-02-02,21.21,20.6,16.6,7.8,6.8,2,2,0,2,0,4,4
Player_40,2024-11-06,16.31,17.2,16.9,5.8,2.0,0,4,6,0,0,0,2
Player_14,2024-12-08,20.24,13.1,10.0,1.9,3.8,1,3,0,0,0,3,0
Player_42,2024-11-22,17.32,8.6,5.4,0.0,0.0,1,1,0,0,0,0,1
Player_36,2025-02-19,24.59,25.0,18.9,5.3,7.9,2,2,4,0,0,0,0
Player_35,2024-11-23,23.31,20.6,15.6,5.0,5.2,4,7,1,3,1,2,0
Player_42,2025-03-24,22.04,23.1,16.5,6.0,1.4,0,0,2,0,1,0,0
Player_26,2025-01-17,24.06,35.4,11.5,3.7,3.2,2,2,2,2,2,0,1
Player_23,2024-12-15,27.31,11.1,12.6,2.8,3.0,1,1,3,2,3,3,6
Player_02,2024-12-04,30.47,33.9,18.9,7.0,6.7,3,11,5,2,2,0,2
Player_37,2024-10-15,15.52,15.4,2.2,0.0,0.0,0,2,3,0,0,3,1
Player_25,2024-11-01,13.00,18.0,12.3,0.0,0.0,0,0,1,0,2,0,0
Player_28,2025-03-30,21.43,22.5,12.8,2.6,2.0,3,7,0,0,2,0,0
Player_22,2025-01-14,32.51,39.7,21.6,7.4,7.4,1,6,7,1,2,2,3
Player_19,2024-12-28,32.42,31.6,20.6,4.0,3.1,0,0,3,0,1,3,3
Player_05,2024-12-21,35.30,38.2,28.2,11.4,7.3,2,8,6,2,2,4,2
Player_04,2024-11-16,19.10,22.8,14.6,3.6,4.6,2,7,4,3,0,0,0
Player_32,2025-02-15,17.48,18.8,7.8,1.8,3.4,0,3,4,1,0,1,1
Player_14,2025-02-23,23.27,35.7,18.6,8.1,0.6,1,1,5,0,0,0,1
Player_15,2024-11-17,27.52,43.4,21.8,8.9,3.9,3,6,4,3,1,4,0
Player_19,2024-10-23,31.24,24.8,16.9,2.8,6.7,1,11,4,0,0,1,3
Player_18,2025-01-14,8.00,13.0,2.0,0.0,0.0,0,0,5,1,1,5,0
Player_24,2024-11-06,20.05,4.9,5.0,2.1,0.0,0,2,0,0,0,1,2
Player_14,2025-04-01,26.43,37.5,20.7,9.1,4.7,1,4,0,0,0,0,4
Player_01,2025-03-30,19.00,14.2,15.4,4.3,3.6,0,3,1,0,0,2,3
Player_10,2025-04-02,31.10,34.3,25.1,7.2,3.3,4,6,2,1,2,4,1
Player_19,2025-01-04,26.22,16.2,15.8,3.4,1.6,3,1,1,0,1,2,3
Player_45,2025-03-04,29.23,31.9,9.7,6.5,1.1,0,2,2,1,0,0,2
Player_31,2024-11-09,24.32,12.8,15.9,5.0,2.5,1,5,0,1,1,6,5
Player_12,2025-02-12,35.53,49.5,26.3,12.4,4.5,3,7,5,2,3,3,1
Player_29,2024-10-20,22.43,26.9,15.9,6.9,0.7,1,4,4,3,1,1,3
Player_49,2025-02-06,33.37,41.2,23.0,10.7,3.9,2,8,3,3,1,0,3
Player_33,2025-03-15,25.56,24.9,15.2,2.2,2.8,0,2,3,2,1,3,3
Player_28,2024-10-22,21.59,16.5,10.9,5.9,0.0,1,6,0,0,0,1,0
Player_29,2025-02-23,23.40,23.6,17.7,3.7,4.6,0,6,3,2,0,4,4
Player_32,2024-11-24,26.01,33.8,16.6,10.1,5.7,3,6,5,0,2,0,2
Player_10,2024-12-29,29.54,32.2,20.6,6.4,5.4,2,4,3,3,0,3,0
Player_34,2025-01-11,8.00,11.6,3.5,0.0,0.8,0,0,0,0,1,0,4
Player_34,2025-03-07,9.02,11.9,4.3,0.0,0.0,0,4,0,1,0,0,3
Player_29,2025-03-13,30.32,31.5,16.9,5.1,0.0,3,2,6,1,0,4,3
Player_44,2025-03-24,11.53,15.0,7.3,0.0,1.1,0,0,1,1,0,0,1
Player_20,2024-12-26,42.00,26.5,30.5,8.2,5.3,5,9,0,2,2,0,5
Player_09,2025-01-12,30.12,34.3,13.5,5.2,3.3,3,10,6,1,1,3,6
Player_13,2025-03-07,23.16,30.2,16.9,5.5,0.4,1,8,7,2,0,3,3
Player_32,2024-12-04,29.14,31.3,16.7,5.5,2.5,2,14,3,1,0,1,1
Player_45,2025-04-09,21.23,19.6,7.7,2.2,0.0,1,11,5,0,1,1,1
Player_34,2025-02-06,21.33,12.6,7.5,0.0,0.1,0,1,3,3,0,0,2
Player_19,2025-03-04,37.04,37.8,26.8,8.0,8.0,2,7,2,0,1,3,4
Player_21,2025-01-20,27.40,37.7,16.7,4.4,3.8,3,6,4,3,2,2,3
Player_04,2025-04-08,28.21,25.6,17.6,6.6,3.3,2,4,1,1,2,1,1
Player_06,2025-03-01,23.45,11.2,7.7,1.7,0.0,1,0,5,2,2,2,0
Player_30,2025-02-02,34.33,48.5,24.4,8.3,5.8,5,10,5,3,1,2,4
Player_49,2024-12-31,33.06,25.4,22.0,5.3,4.5,5,2,3,2,1,0,1
Player_20,2024-11-15,34.35,36.8,21.2,7.5,4.9,2,9,2,0,1,1,4
Player_06,2024-12-07,12.07,1.5,5.2,0.0,2.1,1,1,0,2,2,2,2
Player_06,2025-03-07,28.50,27.8,13.8,2.2,0.0,1,0,7,3,4,1,1
Player_21,2025-02-24,23.00,32.5,17.7,4.4,0.1,3,4,7,4,1,2,2
Player_26,2025-04-01,15.06,29.0,11.6,4.7,4.0,0,2,0,1,0,0,0
Player_24,2024-11-18,15.02,9.2,11.6,0.0,0.0,0,0,0,0,0,0,1
Player_21,2024-12-06,14.09,6.6,8.3,3.7,1.1,2,6,4,3,1,2,1
Player_05,2025-02-20,32.16,50.0,30.7,10.9,4.5,3,8,3,1,3,3,2
Player_47,2025-04-10,30.55,36.4,23.5,10.1,3.3,3,2,8,0,1,1,2
Player_05,2025-01-17,27.44,23.0,17.1,7.0,0.0,3,7,3,0,1,4,0
Player_17,2025-02-07,31.30,46.8,22.7,9.0,5.2,0,11,4,3,0,1,1
Player_50,2024-12-11,42.00,31.1,27.9,7.7,1.4,6,9,5,2,0,2,1
Player_47,2025-02-03,32.09,35.2,25.5,5.4,3.5,1,8,6,0,1,5,3
Player_48,2024-11-01,25.40,29.5,15.0,9.5,4.4,0,5,5,1,2,3,2
Player_30,2025-03-13,37.00,42.8,27.8,9.5,3.3,3,11,5,4,1,4,2
Player_30,2024-11-16,28.19,35.9,22.4,9.6,3.7,3,10,4,0,1,5,1
Player_31,2024-10-23,26.10,33.0,19.8,4.7,3.9,0,6,4,2,1,3,2
Player_05,2025-02-28,23.23,29.2,16.5,7.4,1.3,4,8,5,0,2,3,0
Player_01,2025-02-26,20.23,19.4,7.8,4.9,4.4,0,2,7,0,0,3,2
Player_20,2025-01-13,33.03,38.5,24.3,9.0,5.7,4,6,3,1,0,2,2
Player_27,2024-12-30,26.05,29.5,21.3,6.5,1.0,1,8,6,2,3,3,1
Player_03,2024-12-27,12.59,0.6,7.4,0.0,0.8,1,1,0,1,0,0,0
Player_03,2024-12-22,11.33,24.7,11.8,2.5,0.6,0,3,0,1,0,3,0
Player_17,2024-10-29,31.19,31.6,19.9,8.1,3.7,3,9,4,1,2,1,2
Player_09,2025-02-03,22.49,15.0,14.9,0.7,1.9,0,8,0,0,2,4,2
Player_25,2025-01-26,12.53,12.5,9.6,0.0,0.6,0,2,4,0,1,2,0
Player_45,2024-11-20,22.43,20.0,17.4,4.7,4.0,0,6,2,0,0,2,0
Player_30,2025-01-30,34.55,38.4,21.6,8.5,3.7,5,6,4,5,1,3,4
Player_38,2025-03-09,30.46,39.7,23.2,9.3,5.9,3,10,3,1,1,2,1
Player_06,2024-11-15,16.12,21.0,11.3,1.8,0.0,0,2,8,0,1,4,1
Player_22,2024-11-02,27.23,31.1,21.0,9.1,2.2,3,5,3,2,1,5,3
Player_10,2025-03-13,23.54,22.3,17.4,2.4,4.2,4,6,6,1,1,2,1
Player_23,2024-12-02,20.48,29.2,15.3,4.8,3.4,0,9,0,3,1,4,4
Player_21,2025-02-09,24.27,16.3,17.3,3.3,4.9,5,0,4,1,2,2,3
Player_44,2025-02-08,17.34,11.6,8.5,0.8,2.2,2,4,5,0,0,3,1
Player_45,2025-03-17,29.12,19.6,17.3,5.9,4.0,1,4,4,2,1,0,1
Player_35,2024-11-09,28.01,26.2,22.1,5.7,4.0,3,8,0,3,3,1,2
Player_10,2025-02-06,25.33,34.4,18.2,5.5,0.0,2,8,6,2,1,4,4
Player_20,2024-12-29,26.09,25.2,15.0,6.6,4.3,1,7,2,0,0,0,1
Player_46,2025-04-01,17.31,0.0,6.1,1.7,0.0,1,4,3,0,1,0,1
Player_40,2025-02-20,17.51,12.9,15.1,4.8,1.9,0,0,5,1,1,2,0
Player_49,2024-12-27,33.55,46.4,24.1,9.1,7.5,4,3,4,2,1,2,5
Player_35,2024-12-10,16.34,29.6,16.5,8.2,1.0,1,0,4,1,3,2,0
Player_19,2025-04-11,32.08,20.3,17.2,5.8,1.9,1,3,0,1,1,0,4
Player_49,2024-10-23,39.20,34.1,21.7,8.1,4.6,3,6,6,2,1,2,6
Player_38,2025-01-19,25.50,35.0,21.4,10.3,3.3,0,3,4,1,0,2,4
Player_14,2024-10-30,23.16,18.9,15.9,5.6,4.4,1,4,1,1,0,2,2
Player_27,2025-02-02,22.02,24.5,13.7,4.2,1.2,1,6,3,0,1,0,2
Player_17,2025-01-20,34.37,37.7,23.2,9.3,6.0,3,9,4,1,3,1,1
Player_02,2024-11-04,34.25,32.8,24.5,10.3,5.2,3,5,4,1,2,2,2
Player_16,2025-03-10,15.06,14.8,7.6,0.0,1.8,0,0,0,1,1,2,0
Player_38,2025-03-17,29.43,32.6,26.2,7.1,4.4,1,3,6,1,0,2,2
Player_12,2025-02-09,37.23,41.4,25.8,12.3,2.9,3,10,3,3,3,2,5
Player_10,2025-03-20,32.41,24.4,18.0,8.1,3.2,2,7,6,2,2,3,3
Player_50,2024-11-17,37.05,44.9,33.0,13.1,6.9,3,6,7,2,0,4,2
Player_02,2024-12-29,32.49,33.7,24.0,7.6,4.8,2,8,5,0,0,2,0
Player_18,2025-02-15,8.00,0.0,3.8,0.0,0.0,0,2,2,3,3,0,0
Player_34,2025-01-19,8.00,0.0,0.1,0.0,2.4,0,3,0,1,1,2,2
Player_44,2024-11-09,17.11,10.8,9.0,0.1,3.1,0,2,4,0,1,0,2
Player_17,2025-02-26,33.54,29.3,21.4,8.8,2.9,2,12,5,1,2,0,0
Player_22,2025-01-03,24.48,35.1,17.3,4.6,3.4,1,9,5,3,0,2,5
Player_28,2024-11-27,25.07,15.4,17.5,4.4,3.9,0,6,0,2,1,3,0
Player_42,2025-03-29,15.10,22.5,11.3,2.6,1.6,0,0,2,0,1,0,0
Player_11,2025-03-19,42.00,54.2,34.5,11.2,9.0,2,9,3,0,0,5,5
Player_32,2024-11-02,19.54,3.3,4.9,0.5,3.6,1,6,0,0,2,1,2
Player_05,2025-02-25,29.51,42.8,22.9,6.2,5.4,5,7,3,2,1,2,2
Player_28,2025-01-25,32.57,37.0,19.1,7.0,1.5,3,6,3,1,1,3,2
Player_04,2025-01-07,19.27,14.4,15.0,4.9,3.4,2,3,4,2,0,3,0
Player_31,2025-02-19,26.27,23.2,14.5,7.1,5.3,0,6,4,1,1,1,2
Player_15,2024-11-14,35.11,43.3,26.4,9.5,3.5,0,6,8,4,1,3,1
Player_43,2024-11-29,26.24,40.7,19.0,5.2,8.9,0,3,5,1,1,3,0
Player_22,2025-01-27,31.17,29.5,20.5,9.9,2.1,2,5,4,1,3,2,4
Player_08,2025-03-15,26.05,25.1,16.5,4.8,4.0,2,4,2,2,1,3,1
Player_04,2025-04-12,25.45,21.9,14.6,7.2,5.8,2,7,6,3,2,2,2
Player_37,2025-01-26,10.41,0.0,1.9,0.4,0.0,0,1,3,0,0,4,0
Player_23,2024-12-04,17.26,19.7,9.6,3.2,0.0,2,4,0,1,0,3,1
Player_11,2024-11-27,38.17,44.3,21.8,9.4,3.7,3,6,5,3,0,2,2
Player_14,2025-02-20,26.03,32.1,16.8,5.7,1.9,0,1,0,0,0,0,2
Player_13,2024-12-18,19.04,6.4,7.9,0.0,2.7,3,5,3,0,0,2,1
Player_25,2024-11-14,16.57,3.0,9.0,3.8,0.0,2,5,2,3,0,0,3
Player_06,2025-03-21,21.44,13.9,6.9,0.0,0.0,0,2,10,0,2,0,0
Player_48,2024-12-23,30.16,36.6,21.1,6.2,5.8,2,1,4,2,1,3,4
Player_26,2024-12-13,25.11,20.4,12.5,3.7,0.3,1,0,0,3,2,3,4
Player_42,2025-01-14,17.26,10.6,10.2,0.2,3.0,0,4,0,0,1,1,0
Player_30,2024-11-03,38.39,45.6,27.2,11.8,7.1,5,9,2,4,2,2,2
Player_07,2025-02-12,32.54,36.1,26.7,7.8,4.7,3,6,4,4,3,3,2
Player_06,2025-03-16,25.14,22.6,12.1,0.0,0.0,0,7,3,3,1,2,1
Player_24,2025-03-09,17.19,6.2,9.3,0.0,0.0,1,6,2,0,0,1,0
Player_35,2025-01-28,25.34,33.9,24.4,9.4,3.6,2,6,1,2,3,0,0
Player_03,2025-03-20,13.50,20.4,11.2,5.6,0.5,2,2,5,1,1,1,5
Player_44,2024-11-26,17.42,18.8,13.8,3.4,2.2,0,1,3,1,1,2,5
Player_46,2025-04-11,13.10,7.5,9.5,1.7,0.0,0,2,0,2,0,1,0
Player_19,2025-01-06,26.02,30.1,20.6,6.9,1.5,1,10,1,2,0,1,4
Player_14,2025-01-12,25.30,24.2,20.4,5.8,5.2,1,2,0,0,0,0,4
Player_03,2025-01-10,20.52,16.0,8.3,0.0,0.0,0,1,2,2,1,0,1
Player_18,2024-11-21,13.01,6.9,3.0,0.0,0.0,0,2,4,1,0,3,0
Player_11,2024-12-28,36.15,34.0,24.3,9.9,4.2,1,9,7,1,0,4,4
Player_50,2025-03-22,36.59,29.0,26.8,8.6,3.1,4,4,5,1,1,3,5
Player_42,2025-04-04,16.44,14.9,8.3,2.3,0.1,2,7,3,2,0,0,0
Player_37,2025-03-22,17.43,10.6,4.6,0.0,2.8,0,5,8,0,0,3,0
Player_14,2024-11-29,18.44,32.9,18.1,10.3,1.2,1,4,3,0,0,4,3
Player_23,2024-12-01,11.58,13.0,3.1,1.5,0.0,2,2,0,0,1,1,1
Player_34,2025-04-06,14.07,12.4,1.6,0.0,0.0,0,1,0,1,2,0,2
Player_16,2024-11-08,16.50,19.6,7.8,5.8,3.0,0,0,0,1,0,3,2
Player_17,2025-03-20,29.22,44.1,23.3,10.3,2.8,2,7,3,2,2,1,2
Player_49,2025-01-20,40.59,49.9,29.0,11.4,5.9,4,9,6,2,3,4,4
Player_08,2025-02-12,26.25,27.7,14.3,5.5,3.9,2,3,2,0,0,0,4
Player_07,2025-02-05,28.26,19.9,20.9,7.0,3.3,2,1,7,3,2,4,0
Player_40,2025-01-04,20.14,12.1,9.1,2.5,1.9,0,5,4,1,0,3,5
Player_03,2025-01-27,18.07,11.3,14.7,4.1,1.0,0,2,1,0,2,3,2
Player_18,2024-12-29,14.25,13.4,6.9,2.3,0.0,0,1,3,2,2,2,0
Player_47,2025-04-01,29.30,26.7,18.9,5.0,0.7,1,7,2,0,0,3,2
Player_08,2024-12-20,18.34,8.8,14.1,5.7,2.1,1,6,0,1,0,0,0
Player_24,2025-03-03,11.20,12.9,3.2,0.0,0.0,0,5,2,0,0,0,0
Player_20,2025-02-13,29.38,39.3,20.8,10.7,5.7,3,4,2,2,1,1,1
Player_31,2025-02-27,26.48,21.5,14.8,0.6,3.9,0,1,5,3,1,4,4
Player_16,2025-01-21,20.50,22.9,12.4,5.4,2.4,2,3,1,2,2,0,1
Player_02,2024-12-08,32.23,33.5,25.9,7.6,7.0,2,9,5,3,1,0,1
Player_41,2025-02-14,32.50,41.4,26.7,10.1,4.6,3,5,6,2,1,3,2
Player_40,2025-02-01,27.06,28.2,17.5,1.6,2.2,1,8,2,1,0,4,2
Player_41,2025-02-13,32.02,37.7,28.0,12.1,4.5,3,7,7,0,0,2,3
Player_21,2024-11-17,29.58,14.8,16.2,2.5,3.0,1,3,3,1,3,1,3
Player_27,2025-01-21,24.34,27.5,15.3,7.7,2.7,1,7,8,3,3,4,1
Player_31,2025-01-26,18.22,17.3,14.0,6.7,4.5,0,0,4,3,2,4,1
Player_03,2024-12-06,18.34,12.5,5.9,0.7,3.8,0,0,1,1,1,1,0
Player_10,2024-12-03,27.01,37.5,21.1,6.1,6.2,2,6,4,1,2,0,0
Player_13,2025-02-22,23.35,21.0,15.1,4.1,0.0,0,8,4,0,0,2,5
Player_42,2025-02-27,14.07,1.0,2.7,0.0,0.0,0,4,4,0,0,0,0
Player_34,2025-01-28,18.37,6.0,6.8,0.0,1.3,0,2,0,1,1,2,3
Player_38,2025-02-16,28.46,28.7,20.8,9.1,3.5,2,3,0,0,1,2,0
Player_43,2025-03-31,27.52,21.4,16.7,3.5,1.0,0,3,1,1,0,1,2
Player_08,2025-03-20,23.32,33.2,14.0,2.0,2.9,0,5,0,0,1,1,3
Player_15,2024-12-29,37.45,41.0,25.9,10.8,4.9,4,6,6,1,2,3,3
Player_30,2025-02-14,33.26,37.4,25.3,8.4,6.7,0,5,2,2,1,2,2
Player_28,2025-04-10,31.07,29.1,16.1,4.6,4.1,1,3,3,1,1,0,0
Player_38,2024-10-27,28.41,32.3,21.8,10.3,2.1,2,5,3,2,1,5,4
Player_02,2024-11-06,31.07,41.4,26.7,5.1,5.1,3,7,2,0,1,2,0
Player_07,2025-02-27,35.58,30.8,21.9,8.0,6.1,1,4,2,3,2,2,3
Player_16,2025-01-24,22.06,2.8,10.9,5.9,0.0,0,4,4,1,1,0,4
Player_14,2024-10-17,28.42,33.0,19.8,5.9,5.0,2,4,0,1,0,3,6
Player_34,2024-10-24,12.30,4.4,7.5,1.4,0.6,0,2,0,1,3,0,3
Player_49,2025-01-10,40.31,34.9,27.7,7.6,1.4,4,8,4,1,1,4,6
Player_11,2024-12-09,41.33,50.7,28.3,12.7,6.8,3,4,6,2,0,5,4
Player_06,2025-03-11,28.25,28.3,15.4,3.2,2.4,0,4,2,3,2,2,0
Player_31,2024-11-29,20.52,32.4,17.6,7.3,3.6,1,7,6,3,1,3,4
Player_30,2025-03-21,34.48,36.1,25.0,8.2,7.0,5,6,0,3,1,2,4
Player_10,2025-03-24,36.01,33.1,24.9,5.3,3.0,3,7,0,3,1,5,3
Player_15,2025-04-07,32.52,36.6,22.1,8.6,8.6,3,0,7,2,1,4,2
Player_38,2025-03-25,24.21,19.7,16.6,4.9,3.8,2,3,2,3,2,1,1
Player_36,2025-03-06,32.07,39.4,20.9,6.1,4.0,1,5,12,1,0,1,3
Player_37,2024-12-22,15.44,13.8,2.8,0.0,1.6,0,3,5,0,0,4,3
Player_35,2024-12-11,28.03,26.3,16.1,7.4,0.1,0,5,4,3,2,3,1
Player_50,2024-10-22,38.10,55.8,30.5,16.0,7.3,2,9,6,1,0,2,2
Player_26,2025-01-16,26.02,20.7,14.3,4.8,1.6,3,4,3,2,0,1,0
Player_50,2024-11-24,39.01,44.8,30.3,13.5,6.2,3,8,7,2,1,2,4
Player_03,2025-01-08,16.33,12.1,10.3,4.2,0.0,0,1,4,3,0,0,1
Player_46,2025-03-16,18.57,17.4,13.3,5.4,0.0,1,2,2,1,0,0,3
Player_09,2024-10-29,16.37,34.0,18.2,5.4,0.0,3,3,3,2,1,2,3
Player_43,2025-01-19,23.28,27.4,9.7,2.2,3.0,1,5,3,1,1,1,3
Player_09,2025-04-11,26.35,17.9,12.3,2.0,0.0,1,2,0,1,1,4,4
Player_02,2024-11-05,27.53,30.1,21.3,9.4,1.1,3,7,0,0,1,0,0
Player_26,2024-11-26,24.37,23.0,15.5,4.9,1.9,2,0,0,1,0,4,2
Player_03,2025-01-19,16.14,15.4,8.0,3.1,0.0,0,0,5,1,1,0,0
Player_49,2025-02-25,33.02,44.5,29.1,9.8,8.9,0,9,1,3,0,2,2
Player_48,2024-12-12,27.11,28.9,17.0,5.3,3.3,0,0,4,0,0,0,0
Player_26,2024-12-23,27.25,20.2,14.3,4.9,1.8,0,7,1,1,1,3,2
Player_48,2025-03-21,30.07,17.1,17.9,5.8,2.5,4,8,2,4,1,2,3
Player_24,2025-04-07,13.28,1.2,4.8,0.0,0.0,1,4,4,0,0,0,0
Player_15,2024-11-11,25.58,35.5,17.8,6.4,6.5,0,3,0,1,1,2,4
Player_37,2024-11-13,16.28,7.4,8.3,0.0,0.0,1,4,6,1,0,6,2
Player_45,2025-01-27,26.17,23.2,14.9,5.8,3.2,1,5,1,1,0,0,3
Player_12,2025-02-18,42.00,51.5,31.3,11.1,7.6,5,10,6,2,3,1,4
Player_02,2025-01-14,35.25,38.0,20.7,5.3,0.0,2,9,3,2,2,2,1
Player_48,2025-03-31,21.13,8.3,13.4,4.5,1.5,2,3,1,2,2,0,2
Player_22,2025-04-03,28.18,38.0,15.3,4.2,5.1,1,4,7,4,3,1,2
Player_48,2025-03-17,39.05,41.0,27.6,11.0,3.7,2,10,5,2,0,3,3
Player_19,2024-12-08,34.16,25.8,22.8,7.5,3.8,1,7,1,2,0,1,6
Player_12,2025-03-23,42.00,50.5,31.7,9.4,8.7,3,6,4,4,2,3,3
Player_03,2024-11-05,12.03,5.2,9.7,1.0,1.6,0,0,1,0,1,3,0
Player_49,2025-01-16,38.54,49.5,26.2,13.8,4.5,4,9,4,4,2,2,5
Player_19,2025-03-02,33.02,27.8,19.1,7.2,0.0,1,4,1,0,0,5,3
Player_24,2025-02-18,22.00,11.8,15.2,0.7,1.6,0,2,2,2,1,0,1
Player_49,2025-01-21,41.10,57.2,27.5,12.5,6.0,5,11,3,5,0,4,2
Player_43,2025-01-03,21.57,20.1,14.5,4.5,3.5,0,4,5,2,1,0,3
Player_36,2024-12-03,24.18,19.7,13.1,4.6,4.9,3,6,10,0,0,3,0
Player_43,2024-11-09,20.22,16.8,14.0,1.7,0.1,0,3,0,1,0,1,3
Player_11,2024-12-25,39.53,41.4,27.1,12.8,7.6,2,6,6,2,0,4,2
Player_43,2025-01-25,20.30,18.1,17.0,4.8,1.4,0,5,0,0,0,1,1
Player_44,2024-11-29,26.36,27.3,20.2,3.1,3.4,0,5,5,1,1,1,2
Player_25,2025-04-13,14.32,12.2,5.3,2.8,2.7,0,1,3,1,1,1,0
Player_49,2025-01-31,39.25,49.1,31.5,13.9,11.8,7,3,0,2,2,2,4
Player_42,2025-03-08,17.28,14.0,14.2,1.0,2.7,0,2,0,2,0,0,2
Player_29,2025-02-09,25.49,38.9,18.1,7.2,6.3,0,4,6,2,1,8,4
Player_49,2025-01-22,37.21,43.8,24.9,8.2,4.6,2,6,4,3,1,0,4
Player_09,2024-12-28,35.18,28.3,16.7,5.6,4.9,1,6,1,4,2,3,4
Player_46,2025-03-15,15.43,0.0,8.0,0.9,0.0,0,5,3,0,0,1,0
Player_08,2025-03-13,26.24,24.1,14.6,5.2,3.1,0,4,1,1,0,0,2
Player_41,2024-11-12,27.10,31.2,22.8,4.9,3.1,2,9,5,0,1,0,3
Player_50,2025-01-29,35.53,26.8,24.0,12.9,5.9,3,5,7,1,0,4,3
Player_38,2025-02-17,24.41,26.0,16.1,7.6,5.5,1,5,4,1,0,0,3
Player_06,2025-02-10,23.08,20.4,9.7,2.4,6.6,0,4,3,3,2,3,3
Player_12,2025-02-25,39.07,37.9,24.6,7.1,7.0,3,11,4,2,3,2,4
Player_35,2025-01-06,29.25,50.2,21.6,9.2,4.3,2,3,4,2,2,1,0
Player_06,2024-12-02,31.08,15.6,16.4,4.6,3.8,0,0,6,2,3,2,0
Player_21,2025-03-04,21.55,12.8,15.5,6.0,2.6,0,1,5,1,3,2,2
Player_21,2025-02-28,22.56,11.8,15.7,4.2,1.5,1,3,0,3,2,2,1
Player_38,2025-01-18,24.49,29.7,21.6,6.9,5.8,4,5,5,1,0,4,5
Player_29,2025-03-19,20.57,17.4,8.1,0.0,5.4,4,4,2,1,2,2,3
Player_40,2024-11-01,19.09,23.7,13.1,2.0,1.6,1,1,0,0,0,0,1
Player_34,2025-03-03,17.47,14.3,11.7,0.0,0.0,0,0,1,2,2,1,3
Player_06,2025-04-02,21.30,19.7,12.7,0.0,3.4,0,1,9,3,2,0,0
Player_03,2025-02-28,20.46,16.5,11.5,2.1,0.8,0,2,1,0,1,1,0
Player_08,2025-03-04,25.31,30.7,16.0,9.8,3.5,0,2,0,1,0,0,5
Player_20,2025-04-03,34.11,38.4,27.5,12.9,4.0,3,5,2,2,0,5,3
Player_48,2025-01-20,27.10,31.7,19.8,7.1,1.7,3,8,7,2,1,3,1
Player_12,2024-11-25,42.00,48.2,27.7,13.3,7.2,6,5,4,3,1,4,3
Player_34,2024-10-28,11.54,0.0,1.6,0.0,0.0,0,3,0,2,0,0,2
Player_43,2024-11-27,22.18,20.7,13.5,0.0,0.0,1,5,0,0,0,2,2
Player_38,2025-04-06,26.48,27.0,14.5,6.4,3.5,4,8,8,1,0,0,4
Player_01,2025-02-14,19.05,7.8,11.7,2.5,0.0,0,2,3,3,1,4,1
Player_41,2025-02-05,32.03,33.3,21.0,9.8,6.5,2,6,7,0,0,3,3
Player_02,2025-04-09,37.29,38.6,23.4,5.8,3.3,3,7,3,1,1,0,2
Player_23,2025-02-27,21.47,20.7,13.0,4.7,2.2,0,4,2,1,2,5,5
Player_33,2025-01-23,21.23,12.4,15.5,1.4,5.5,1,4,1,1,0,3,4
Player_13,2025-04-05,25.37,21.9,22.1,7.1,2.0,3,6,5,3,0,2,2
Player_16,2024-10-30,21.31,31.1,19.7,6.9,4.1,0,2,0,3,2,0,1
Player_38,2024-11-24,25.38,35.2,20.9,10.7,4.7,3,3,3,1,1,3,2
Player_29,2024-10-19,25.42,22.4,16.2,9.2,0.9,3,10,7,2,0,1,2
Player_31,2025-02-20,20.55,11.3,10.0,5.9,2.5,3,3,2,3,1,3,4
Player_37,2025-01-29,21.21,21.2,8.9,2.1,0.0,0,1,3,0,0,2,2
Player_46,2024-11-13,22.35,38.5,14.3,2.3,5.4,3,4,8,1,0,0,2
Player_14,2024-11-25,29.59,29.7,18.9,4.2,4.6,3,8,0,0,0,2,1
Player_31,2024-10-21,20.16,18.7,12.9,2.3,4.5,0,7,7,2,0,7,3
Player_15,2025-03-08,33.19,37.2,16.8,4.8,5.4,0,9,10,1,1,5,2
Player_21,2025-02-02,21.16,26.3,12.3,6.9,7.3,0,0,0,2,2,3,2
Player_08,2025-02-16,26.04,35.1,25.8,5.4,3.3,1,3,0,1,0,1,2
Player_40,2025-01-09,21.35,15.1,8.7,0.6,1.5,0,3,2,0,0,1,0
Player_32,2025-03-15,21.59,9.6,8.3,1.2,2.3,0,5,0,1,1,2,2
Player_46,2024-10-31,17.30,7.2,5.7,0.0,0.1,2,2,3,1,2,0,2
Player_28,2024-11-11,22.52,16.6,11.0,2.4,0.0,1,3,0,2,1,2,1
Player_45,2025-04-14,26.52,22.2,14.1,4.9,2.7,0,3,2,2,1,3,1
Player_25,2024-11-17,17.06,12.2,14.1,0.0,4.7,0,1,0,0,1,0,2
Player_08,2025-02-04,24.48,32.0,15.1,6.1,5.0,2,10,0,1,0,0,3
Player_08,2025-01-29,27.43,29.0,19.8,6.3,3.8,2,6,3,1,0,0,2
Player_37,2024-11-27,21.27,18.0,13.1,5.0,0.0,0,5,4,0,0,2,3
Player_48,2024-10-24,38.25,31.4,23.4,7.0,0.0,3,9,4,1,0,3,2
Player_37,2025-04-12,17.00,21.0,7.7,0.0,0.8,0,0,1,0,0,4,1
Player_34,2024-11-07,17.00,0.3,4.2,0.0,0.0,0,7,0,1,1,2,3
Player_18,2024-11-11,8.00,4.3,4.1,0.0,0.0,0,0,2,1,1,2,2
Player_24,2025-01-08,16.58,8.1,7.3,1.1,0.0,0,0,1,0,0,0,1
Player_16,2025-04-06,22.21,14.7,11.7,3.5,0.4,1,3,0,3,2,0,2
Player_11,2024-11-08,42.00,49.0,30.5,12.2,7.2,2,11,3,2,1,4,3
Player_07,2024-12-11,34.21,34.0,23.7,10.6,1.3,2,7,6,1,2,2,2
Player_43,2025-01-21,24.50,15.3,12.6,5.4,0.0,2,4,0,1,0,1,2
Player_30,2025-04-14,34.35,36.8,26.0,4.8,4.9,3,6,4,3,1,5,4
Player_08,2024-12-31,23.00,21.0,11.8,4.1,2.4,0,2,1,1,0,1,3
Player_49,2024-12-05,41.39,50.3,26.5,12.0,3.5,3,6,0,2,1,3,5
Player_11,2025-01-15,38.44,52.6,27.5,10.6,8.1,4,10,4,0,0,3,5
Player_31,2024-10-19,27.07,6.4,12.3,1.1,2.0,2,3,3,2,2,3,2
Player_15,2024-10-18,38.31,34.8,25.2,9.5,5.7,1,3,5,1,1,5,3
Player_15,2025-01-27,36.31,35.6,18.1,7.9,7.9,4,6,7,3,2,3,3
Player_20,2025-02-17,19.53,54.1,24.0,6.5,4.6,2,3,3,1,0,1,1
Player_07,2024-11-21,36.56,43.5,25.1,6.3,5.3,1,11,9,4,1,1,3
Player_10,2025-04-04,27.57,24.6,18.2,6.3,5.7,3,4,3,2,0,3,2
Player_11,2025-03-14,41.52,46.7,27.7,11.1,8.2,3,5,7,0,2,4,1
Player_22,2025-04-04,30.11,36.8,21.6,9.3,2.8,2,8,2,3,1,1,2
Player_13,2025-03-01,26.19,24.4,17.9,3.0,5.0,1,7,2,2,1,2,3
Player_21,2025-02-03,16.44,0.0,10.5,0.0,0.0,0,5,2,3,0,0,3
Player_48,2024-10-25,28.24,34.6,19.9,8.6,0.0,0,4,6,3,1,1,0
Player_39,2024-10-19,23.40,9.7,13.1,6.5,2.5,1,0,1,1,2,3,4
Player_46,2025-03-07,21.10,11.8,12.2,2.9,1.2,0,5,0,3,1,2,3
Player_42,2025-04-07,17.04,27.7,12.9,7.2,4.2,1,3,0,0,2,0,0
Player_46,2024-10-25,20.35,13.2,9.0,1.6,2.4,1,3,4,0,0,1,4
Player_07,2025-03-07,31.26,39.4,20.5,8.9,3.3,2,8,5,3,1,1,0
Player_32,2025-01-01,21.57,27.1,13.3,7.9,1.5,1,2,0,0,0,0,2
Player_20,2025-03-17,34.57,44.5,28.0,12.3,8.1,3,9,3,2,0,0,1
Player_40,2024-12-06,19.03,15.6,13.8,6.8,1.7,0,1,3,0,0,2,3
Player_39,2024-11-08,20.33,23.1,11.8,0.0,4.2,3,8,4,2,1,0,2
Player_37,2025-03-10,16.04,12.5,6.9,0.4,2.1,0,0,4,0,1,1,2
Player_47,2024-10-16,30.12,18.0,17.4,7.9,1.2,2,6,3,2,1,2,4
Player_12,2025-01-05,36.06,42.3,23.1,14.7,4.5,1,6,3,4,3,3,2
Player_32,2025-03-19,23.22,21.2,11.9,3.4,1.3,1,2,0,2,1,0,3
Player_47,2024-11-18,22.28,33.4,16.3,11.1,7.1,3,3,2,0,0,5,2
Player_38,2025-01-22,32.01,37.8,23.4,9.6,2.8,3,8,6,1,0,2,3
Player_41,2025-02-03,31.33,40.3,24.9,7.3,5.9,1,7,1,0,0,4,4
Player_47,2025-01-08,23.34,38.7,19.3,11.6,6.2,2,8,5,1,0,2,2
Player_31,2025-02-23,25.45,31.7,19.5,7.7,5.8,1,2,9,0,0,4,5
Player_44,2025-03-26,15.26,2.8,6.9,1.7,0.0,0,6,0,1,2,2,0
Player_38,2025-03-28,33.41,33.3,23.5,12.7,4.7,3,8,2,2,0,5,3
Player_20,2024-10-27,32.12,38.8,24.9,9.7,5.6,3,4,0,0,1,0,2
Player_49,2025-03-05,42.00,47.0,34.6,12.1,9.9,1,8,3,4,2,0,2
Player_26,2024-11-07,25.14,34.6,15.4,3.5,5.0,0,3,5,2,0,2,1
Player_14,2025-01-01,23.02,12.5,17.3,7.5,3.2,1,4,0,0,0,5,4
Player_42,2024-12-06,25.05,7.5,13.4,3.0,1.8,1,2,4,1,0,0,1
Player_23,2024-10-24,17.54,19.5,7.5,3.3,3.6,1,4,5,4,1,1,2
Player_25,2025-01-09,20.11,18.8,9.4,2.8,2.4,0,1,1,2,1,0,0
Player_06,2025-02-16,27.49,33.9,19.1,5.2,4.7,0,2,5,2,2,4,0
Player_35,2025-01-22,26.39,32.4,20.3,6.9,0.8,2,3,5,3,1,0,1
Player_13,2024-10-23,22.06,20.3,16.6,3.6,2.2,0,2,2,0,1,2,0
Player_44,2025-01-15,15.55,7.4,5.0,0.0,1.4,0,0,3,1,1,3,2
Player_30,2025-03-29,32.44,41.0,27.5,10.6,3.2,1,7,1,0,2,3,2
Player_34,2025-02-12,8.00,5.7,0.0,0.0,0.0,0,3,0,1,0,2,3
Player_19,2025-02-25,33.37,29.0,20.1,6.0,0.0,1,4,0,2,1,2,3
Player_50,2024-10-26,38.52,45.9,28.2,13.7,5.8,1,7,9,2,0,6,1
Player_43,2024-11-10,25.22,23.7,11.7,2.9,2.1,0,1,3,0,0,4,2
Player_13,2024-10-26,18.03,9.7,8.1,2.4,0.7,1,3,2,0,0,1,2
Player_40,2024-12-31,18.57,3.1,2.7,0.0,0.0,2,2,1,0,0,1,2
Player_35,2024-10-15,32.25,40.1,25.7,9.3,5.3,2,5,4,3,2,2,2
Player_16,2024-12-18,25.13,14.8,16.6,1.5,0.9,2,4,0,3,2,0,3
Player_33,2024-11-22,28.12,33.3,20.0,6.4,2.5,1,5,7,4,2,3,5
Player_21,2025-01-02,18.58,27.6,13.2,7.8,2.4,3,4,2,1,3,1,1
Player_46,2025-01-11,21.13,16.6,14.1,4.6,1.3,0,0,9,3,2,0,2
Player_36,2025-01-14,24.19,11.1,10.9,4.3,0.0,1,1,4,1,2,0,0
Player_18,2025-03-27,16.15,14.1,9.8,0.7,0.0,0,2,0,2,2,1,3
Player_14,2024-11-03,29.22,33.3,21.3,8.3,4.3,3,8,3,0,1,3,5
Player_38,2024-11-07,28.12,41.3,23.8,8.1,5.8,3,2,1,2,1,2,3
Player_31,2025-03-08,18.50,16.9,16.7,7.1,0.0,2,6,1,0,1,5,5
Player_32,2024-11-20,23.34,20.2,15.3,3.6,1.5,2,5,6,1,2,0,3
Player_15,2024-11-09,38.25,40.4,26.9,9.5,5.7,4,6,6,2,2,3,3
Player_19,2025-03-09,28.06,39.5,20.1,4.5,1.9,1,8,3,0,0,0,3
Player_19,2025-04-12,28.33,33.6,19.1,7.1,6.8,0,2,0,0,0,1,2
Player_12,2025-02-13,42.00,45.6,33.0,12.7,3.5,1,9,3,3,2,3,1
Player_48,2025-03-22,27.48,25.7,19.0,7.4,3.4,1,8,4,2,1,4,2
Player_42,2024-10-17,13.24,9.3,9.4,0.0,0.4,2,0,2,0,1,0,0
Player_24,2025-03-06,9.42,0.0,1.3,1.1,0.1,0,0,1,0,0,0,0
Player_18,2024-11-09,8.00,14.1,0.0,0.0,0.0,0,2,5,1,2,2,0
Player_26,2024-10-25,26.29,28.6,17.2,3.1,4.1,0,7,1,3,0,0,3
Player_32,2025-02-17,27.07,25.1,17.5,5.3,4.1,2,6,1,2,0,0,0
Player_50,2024-12-10,33.22,43.3,25.7,10.6,8.8,4,7,7,1,1,4,1
Player_47,2025-04-04,33.41,37.5,29.3,7.6,4.2,3,6,7,2,2,5,5
Player_46,2025-02-11,19.48,12.9,9.4,1.1,0.0,2,8,2,1,0,1,1
Player_31,2025-01-16,15.30,0.0,5.0,0.9,0.0,2,0,0,1,1,0,3
Player_43,2025-01-31,22.49,26.7,12.1,3.5,3.8,0,4,0,0,0,1,1
Player_41,2025-01-04,33.55,25.6,16.6,4.8,6.4,1,9,6,0,0,2,6
Player_33,2024-11-08,24.30,8.8,14.3,4.0,0.6,2,0,2,1,0,5,6
Player_43,2024-12-02,22.26,20.9,14.5,9.7,5.7,0,4,4,0,0,1,3
Player_28,2025-01-06,29.45,17.1,17.6,6.3,4.4,1,5,0,2,1,0,4
Player_49,2024-11-14,40.08,40.2,25.2,8.4,5.6,3,7,3,2,1,4,1
Player_29,2025-01-13,24.13,36.7,18.3,7.1,1.3,0,6,8,2,1,4,1
Player_40,2025-03-07,21.21,16.1,7.7,0.0,1.5,3,4,4,0,0,2,1
Player_05,2024-12-29,30.28,26.3,16.1,6.2,0.4,4,10,2,2,1,2,4
Player_13,2025-01-10,19.28,24.2,15.6,7.5,4.4,2,5,3,1,1,0,1
Player_35,2025-03-29,25.09,34.5,17.7,2.5,2.9,3,4,4,4,3,2,0
Player_09,2024-12-04,25.49,27.7,16.3,6.6,2.2,4,5,4,2,2,2,5
Player_26,2025-03-31,28.01,26.2,15.8,3.9,5.2,2,2,3,0,1,3,2
Player_02,2025-04-03,38.25,41.7,30.7,11.8,6.8,5,7,2,1,1,0,2
Player_27,2025-03-01,26.16,20.9,17.0,6.3,2.5,4,2,3,2,1,4,4
Player_09,2025-03-22,32.45,37.8,20.3,6.3,5.4,3,5,2,3,1,2,3
Player_33,2025-03-31,16.52,7.0,5.9,0.0,0.0,3,7,4,1,0,4,2
Player_46,2024-11-03,23.19,22.7,14.0,3.7,0.1,0,2,3,1,1,0,1
Player_43,2025-02-18,19.33,25.5,19.4,5.6,4.4,0,4,0,0,0,5,0
Player_43,2024-12-03,26.49,26.5,13.8,6.5,0.0,0,3,7,0,0,1,3
Player_48,2024-12-24,28.14,30.6,25.4,10.6,5.2,2,6,4,4,0,3,2
Player_37,2025-02-04,9.30,4.3,0.0,0.0,0.0,0,2,6,0,0,2,0
Player_05,2025-03-01,31.38,29.2,22.7,9.3,7.7,4,0,3,2,0,3,4
Player_28,2025-03-05,27.38,27.2,17.6,6.3,3.3,2,1,1,0,1,3,1
Player_13,2025-01-06,27.25,32.8,17.8,3.7,2.6,2,5,1,0,0,3,6
Player_38,2024-10-26,34.41,33.1,20.8,5.8,3.6,2,2,5,2,1,2,2
Player_29,2024-11-21,20.42,32.5,15.3,6.5,0.0,2,2,7,1,0,3,1
Player_35,2025-01-21,31.06,30.1,20.5,4.2,5.2,1,8,8,3,1,1,1
Player_24,2024-12-08,14.24,9.7,8.7,1.1,0.0,0,2,3,1,1,0,0
Player_28,2024-12-05,35.32,31.2,23.6,9.4,2.9,1,8,3,0,0,0,3
Player_46,2024-10-28,18.59,13.8,10.7,7.2,0.5,0,3,1,0,3,2,2
Player_12,2024-10-31,32.15,33.9,24.0,12.8,5.6,4,8,6,3,4,1,1
Player_20,2024-12-05,32.42,42.5,24.8,11.6,3.9,2,10,3,1,1,1,2
Player_40,2025-02-28,24.30,9.6,13.2,1.5,4.0,1,5,2,1,0,2,0
Player_20,2025-01-24,32.25,27.2,22.2,7.9,1.5,3,7,4,1,2,0,1
Player_39,2024-10-23,23.02,19.3,12.5,6.1,3.7,1,3,0,3,1,2,2
Player_43,2024-12-19,31.10,27.4,19.6,4.3,6.6,1,4,2,0,0,2,4
Player_12,2025-01-01,38.35,54.0,27.9,12.2,4.5,3,6,3,2,3,4,4
Player_01,2024-12-20,13.16,5.0,5.0,1.5,0.0,0,5,2,2,0,2,0
Player_39,2024-11-03,22.19,15.5,10.6,5.5,2.0,1,0,2,2,0,4,4
Player_32,2025-04-12,27.28,31.4,14.4,4.7,3.0,1,4,0,2,1,2,3
Player_47,2025-04-06,28.56,32.9,16.1,9.5,5.0,2,9,3,0,2,1,3
Player_31,2024-10-29,28.11,14.9,18.7,6.5,3.1,0,2,3,0,2,4,3
Player_37,2025-04-04,21.00,19.6,11.2,0.0,1.6,0,0,2,0,0,3,0
Player_28,2024-10-30,27.20,21.3,18.0,3.5,1.0,2,3,0,2,0,1,4
Player_37,2024-12-27,16.00,7.5,8.5,0.0,3.3,0,1,3,0,0,5,1
Player_35,2024-12-04,28.58,38.9,19.3,10.3,5.4,3,3,8,2,4,4,1
Player_06,2024-11-10,29.01,23.8,15.9,8.0,5.0,0,3,5,3,2,2,4
Player_41,2025-01-09,27.29,22.9,23.6,8.6,3.6,4,7,1,0,1,2,0
Player_37,2025-01-04,12.00,8.7,3.9,0.0,2.4,0,2,2,0,0,6,2
Player_29,2024-10-25,25.09,36.6,22.9,6.1,5.8,2,6,8,2,1,5,2
Player_21,2024-11-08,22.52,26.7,14.8,3.7,3.2,1,3,0,3,2,0,3
Player_25,2025-03-25,15.11,9.0,6.8,0.6,0.0,0,2,3,2,1,0,3
Player_03,2025-01-12,13.34,16.3,8.5,0.6,1.9,0,3,0,1,0,0,0
Player_02,2025-03-27,31.44,35.7,23.9,7.6,6.4,4,7,2,2,0,1,0
Player_39,2025-02-20,28.39,32.3,16.1,7.8,2.0,1,4,2,0,0,3,3
Player_43,2024-11-06,33.32,28.3,18.5,3.0,5.8,1,4,4,2,1,3,3
Player_11,2025-03-01,32.15,34.1,21.2,9.7,5.4,4,9,7,0,0,4,3
Player_08,2024-10-31,28.01,19.1,17.6,4.9,3.6,1,5,0,0,1,1,2
Player_02,2025-01-16,32.50,32.8,21.4,5.6,2.8,2,9,7,0,1,0,2
Player_45,2025-02-17,27.56,38.8,22.0,7.9,7.4,1,8,3,1,1,1,2
Player_12,2025-03-28,39.14,38.9,25.9,10.5,6.6,6,10,6,6,3,3,4
Player_25,2024-11-19,9.55,1.8,5.2,0.0,0.0,0,3,0,0,1,1,0
Player_39,2024-12-13,25.01,28.8,21.2,11.1,3.4,2,5,1,1,1,2,1
Player_19,2025-03-12,30.02,22.6,12.7,3.4,0.0,2,7,4,0,1,4,1
Player_15,2025-01-01,30.48,41.7,25.1,9.5,2.9,2,6,14,2,1,6,0
Player_21,2025-02-27,21.54,21.0,12.8,3.5,4.6,1,3,1,2,1,1,4
Player_34,2025-04-04,12.15,22.0,6.9,2.0,2.0,1,1,0,2,1,3,4
Player_20,2024-11-24,34.12,37.4,23.6,7.9,5.6,2,11,5,2,1,1,1
Player_30,2024-11-14,31.56,32.9,24.9,8.5,3.0,3,5,4,1,1,3,3
Player_25,2025-02-08,16.42,11.1,9.7,2.3,0.0,1,5,2,0,1,1,0
Player_08,2024-11-21,29.24,27.3,15.4,8.9,4.2,2,9,1,1,0,2,3
Player_04,2024-11-19,19.49,31.4,19.0,5.9,4.2,1,4,3,2,2,3,1
Player_24,2025-03-04,14.39,0.0,1.1,0.0,0.0,0,0,1,1,1,1,0
Player_33,2024-11-15,21.04,22.4,15.1,5.1,6.6,0,5,3,2,1,3,4
Player_07,2025-03-02,31.08,42.4,23.0,9.3,3.1,2,9,7,2,3,1,4
Player_49,2025-04-11,36.53,38.0,26.5,3.3,7.2,4,7,6,3,1,4,1
Player_26,2025-01-30,26.11,20.3,17.4,5.3,4.2,1,5,0,2,1,1,4
Player_43,2024-11-03,22.19,17.8,14.2,3.0,3.6,0,5,3,0,1,0,3
Player_49,2025-01-05,41.26,37.6,26.4,14.4,4.0,3,11,6,1,1,3,6
Player_04,2024-12-04,8.00,15.3,8.2,3.6,0.0,0,5,0,3,1,0,2
Player_41,2025-03-04,35.03,39.5,24.2,8.0,7.5,4,6,2,0,0,3,3
Player_02,2024-10-28,34.12,28.9,21.0,7.9,6.1,3,6,3,0,0,0,1
Player_08,2025-03-27,17.55,24.7,14.4,3.8,0.0,0,3,2,0,0,1,0
Player_03,2024-12-14,13.53,8.6,9.1,1.7,0.0,1,1,2,1,0,1,0
Player_25,2024-11-28,13.35,8.9,5.7,3.2,0.2,0,0,0,2,0,2,0
Player_19,2025-03-15,32.43,35.9,15.3,6.1,0.0,1,5,3,0,0,2,5
Player_11,2024-11-13,26.12,28.9,20.0,8.4,6.0,2,3,4,0,0,3,4
Player_38,2025-04-12,32.17,26.1,23.0,9.0,4.9,1,9,8,0,1,0,4
Player_12,2024-12-28,38.13,39.2,24.6,9.5,3.6,2,9,4,4,3,2,4
Player_40,2025-02-06,15.42,11.8,3.2,2.0,1.6,1,1,1,0,1,4,3
Player_03,2025-02-19,24.21,32.2,13.5,5.4,1.6,0,1,4,1,0,1,1
Player_45,2025-02-04,30.32,25.1,19.0,5.0,2.4,0,5,3,3,1,0,0
Player_17,2025-02-08,28.53,26.5,19.3,7.1,3.8,4,1,1,0,0,0,0
Player_38,2024-12-03,33.30,31.0,20.9,7.9,2.7,2,11,6,0,0,1,4
Player_37,2024-11-17,11.25,2.9,3.3,0.0,0.0,0,2,5,0,0,1,0
Player_37,2024-12-26,11.49,8.4,2.6,0.0,0.0,0,2,3,1,0,1,0
Player_15,2025-02-23,36.55,47.6,30.2,9.4,7.7,4,9,5,3,2,5,3
Player_35,2025-04-08,24.38,33.6,20.5,9.5,5.7,2,7,7,3,1,0,1
Player_13,2025-03-19,18.40,28.4,16.4,7.1,7.7,0,7,3,2,0,4,3
Player_37,2024-12-31,9.16,4.6,0.7,0.0,0.0,0,0,6,2,0,1,0
Player_24,2024-12-22,14.27,8.7,10.0,2.8,0.0,0,2,1,0,0,0,1
Player_24,2024-10-28,16.33,11.2,9.6,3.0,1.8,0,5,2,0,1,0,0
Player_50,2025-03-01,34.05,36.9,26.1,8.6,6.7,2,7,4,1,1,3,0
Player_42,2024-11-14,17.57,2.1,5.9,3.1,2.5,0,2,1,0,0,0,0
Player_44,2024-11-20,16.52,31.5,15.3,3.5,2.9,0,7,0,1,0,0,1
Player_14,2025-01-31,26.58,24.6,20.7,5.2,7.4,0,2,1,2,0,3,4
Player_11,2025-03-05,36.18,32.7,27.2,10.7,4.5,2,4,7,1,0,5,2
Player_09,2024-12-25,35.17,37.8,25.8,7.2,1.8,2,7,2,2,4,4,5
Player_28,2024-12-25,20.59,18.7,10.7,0.0,5.1,0,0,2,0,1,0,1
Player_37,2025-01-24,20.04,12.0,9.9,0.0,1.4,0,3,6,1,1,0,0
Player_20,2025-02-19,32.57,35.8,18.4,6.5,6.4,1,1,2,3,1,0,0
Player_36,2024-11-01,32.09,29.1,21.5,8.7,2.3,1,6,8,0,0,2,2
Player_24,2025-03-24,16.12,15.2,7.4,4.0,0.0,0,0,3,0,1,0,1
Player_42,2024-12-20,18.34,12.6,8.4,4.7,0.0,1,4,0,0,0,0,0
Player_39,2024-11-25,22.17,23.6,11.9,1.9,5.8,3,4,2,0,1,5,0
Player_06,2024-12-21,31.11,9.7,18.5,0.8,0.5,2,4,7,3,2,5,1
Player_28,2025-03-15,27.50,26.1,20.6,9.3,6.2,1,2,4,2,1,0,2
Player_20,2024-11-10,32.09,38.5,25.7,9.3,2.3,3,9,2,2,0,0,4
Player_01,2024-11-11,17.56,18.2,8.0,3.6,0.0,0,3,4,2,2,2,1
Player_48,2024-11-28,24.33,17.9,11.5,1.3,0.3,1,2,4,1,3,0,2
Player_50,2024-11-01,33.28,42.0,23.0,10.7,7.7,2,4,6,2,1,3,2
Player_28,2025-02-10,25.33,23.5,10.0,2.9,0.0,1,0,2,0,1,0,1
Player_05,2024-11-20,25.16,27.4,16.3,7.9,3.5,0,4,4,3,1,5,4
Player_12,2024-10-27,37.19,34.7,24.4,10.0,5.9,2,7,2,6,2,5,3
Player_02,2025-03-31,31.38,34.0,22.3,10.4,5.4,3,5,5,3,0,0,3
Player_39,2025-01-16,33.22,33.3,25.2,8.4,2.1,2,6,1,2,2,3,3
Player_26,2024-11-05,32.03,27.4,21.6,7.9,2.8,2,10,4,3,2,0,3
Player_22,2024-11-09,28.19,29.1,22.3,6.1,3.6,1,6,3,3,3,1,1
Player_23,2025-04-11,18.20,10.8,10.4,2.7,1.3,0,2,4,2,1,2,3
Player_19,2024-12-23,30.14,32.9,17.3,7.7,6.1,3,7,0,1,0,0,4
Player_05,2025-01-25,24.11,40.6,21.0,8.7,1.2,2,7,0,1,2,3,3
Player_17,2025-02-23,31.20,37.2,22.0,12.9,1.2,2,9,1,1,1,1,0
Player_46,2025-01-06,23.56,19.6,14.5,9.0,1.5,0,0,6,1,1,1,1
Player_28,2025-03-09,30.02,22.5,16.5,5.6,0.0,0,8,4,2,2,1,3
Player_17,2025-04-12,32.02,35.0,26.2,11.6,3.7,5,8,4,1,2,0,3
Player_39,2025-02-11,23.02,18.7,18.5,6.7,0.5,0,5,4,2,2,2,4
Player_13,2025-01-09,14.08,18.2,12.6,0.8,1.5,2,4,0,1,0,1,3
Player_02,2024-10-19,28.29,20.4,18.2,7.3,0.5,1,11,0,0,2,4,0
Player_16,2024-12-09,19.30,14.3,15.5,6.4,2.3,0,0,0,2,1,0,3
Player_30,2025-02-12,32.56,35.6,26.3,12.3,4.5,3,4,2,2,1,1,2
Player_20,2024-10-28,34.53,41.0,24.4,12.9,8.6,4,8,0,2,1,2,2
Player_14,2025-03-04,35.38,31.8,19.4,2.6,3.3,2,5,2,1,1,2,3
Player_09,2025-02-01,22.50,15.4,13.3,2.6,1.8,1,3,3,1,2,2,2
Player_43,2024-11-07,23.24,25.9,18.0,5.7,1.4,1,6,0,0,1,4,1
Player_50,2025-01-25,37.46,41.2,27.9,8.4,7.1,4,7,7,1,0,3,3
Player_33,2024-11-10,33.47,27.6,24.6,8.3,3.3,1,6,5,0,1,3,3
Player_42,2024-12-01,17.21,17.0,7.4,0.3,4.8,0,1,1,0,1,0,0
Player_25,2024-11-03,15.07,2.1,3.0,0.0,0.0,0,0,3,1,1,3,0
Player_50,2024-10-24,39.38,45.8,29.8,12.5,5.7,2,7,4,0,0,5,3
Player_25,2025-04-14,15.44,3.9,5.5,1.2,0.0,0,0,0,2,0,0,3
Player_42,2025-03-13,19.15,16.3,12.0,0.0,2.9,0,2,1,0,0,0,0
Player_13,2025-01-13,22.16,34.7,14.1,6.4,4.6,1,5,2,3,1,0,2
Player_28,2025-03-16,29.55,27.0,22.8,8.4,1.1,1,10,0,1,2,1,6
Player_45,2024-11-14,37.22,25.5,22.7,6.1,1.4,3,8,2,3,1,2,3
Player_28,2025-02-12,29.40,33.8,22.5,5.3,6.8,0,7,0,0,1,2,3
Player_35,2024-12-27,29.40,26.6,22.2,9.1,5.9,0,1,4,3,3,1,1
Player_11,2024-11-29,35.30,46.0,24.3,8.0,4.8,6,11,3,1,0,0,5
Player_40,2024-11-14,20.14,40.6,15.7,3.6,3.3,0,4,0,0,2,3,2
Player_35,2025-03-30,31.44,28.9,19.2,3.7,3.9,2,8,7,3,2,2,0
Player_24,2025-03-16,21.10,10.3,9.8,0.0,3.7,0,0,0,0,0,0,2
Player_35,2024-11-11,21.26,21.8,14.3,2.1,2.7,3,1,9,2,2,0,0
Player_26,2024-11-20,24.47,31.1,21.3,5.2,3.4,2,2,2,1,1,1,2
Player_03,2025-04-08,14.39,5.3,6.3,0.0,2.1,0,2,2,1,1,0,1
Player_24,2025-03-11,22.25,9.9,15.9,0.1,2.7,2,3,0,0,1,0,1
Player_28,2025-02-08,27.48,39.1,24.8,4.8,3.0,0,10,0,2,1,1,4
Player_43,2025-02-13,26.25,23.1,12.0,4.8,1.4,3,6,3,0,1,0,4
Player_38,2024-11-26,22.39,23.2,19.2,6.5,3.4,3,8,3,2,1,3,3
Player_13,2025-03-28,23.51,14.5,13.4,3.2,0.0,2,7,2,2,1,3,1
Player_02,2024-12-24,32.15,44.9,27.7,6.5,4.5,3,3,6,2,1,0,2
Player_16,2024-12-03,18.34,15.4,11.2,6.9,0.1,0,1,0,0,1,0,2
Player_24,2024-11-28,20.14,8.1,6.0,0.0,0.0,0,0,0,1,0,0,1
Player_09,2024-12-08,31.27,21.8,19.9,7.9,8.3,2,7,5,3,1,0,4
Player_14,2025-03-21,22.57,28.9,16.2,5.2,3.3,0,3,2,0,0,4,5
Player_48,2025-04-01,22.58,26.0,19.2,5.1,2.0,1,4,1,3,1,1,1
Player_11,2024-12-15,40.56,43.3,23.6,8.6,7.0,3,7,2,3,1,5,5
Player_20,2024-10-24,32.54,32.7,25.9,8.1,6.8,3,5,4,1,0,1,3
Player_41,2025-01-24,26.22,22.4,13.2,3.4,1.2,2,10,3,0,0,2,3
Player_21,2025-01-26,18.30,21.3,8.9,3.8,4.0,2,4,3,2,2,2,2
Player_25,2024-11-26,12.15,9.1,7.0,0.0,0.4,0,4,0,2,1,3,2
Player_17,2025-03-31,31.02,31.4,23.0,13.4,7.4,4,4,3,2,1,2,2
Player_39,2024-11-05,29.34,19.8,18.9,6.5,3.6,0,5,0,3,2,4,3
Player_16,2024-11-22,17.10,25.6,8.4,3.9,1.7,0,2,0,2,0,0,2
Player_34,2024-11-27,14.01,0.0,3.0,0.0,1.3,0,1,0,0,0,3,3
Player_07,2025-03-15,37.29,38.4,19.6,8.7,6.8,2,7,2,4,2,3,0
Player_34,2024-12-30,13.08,9.2,5.6,2.8,0.0,1,1,0,0,0,2,1
Player_44,2025-02-17,13.03,6.3,3.1,0.0,0.0,0,5,2,0,1,1,2
Player_06,2024-11-11,32.29,24.1,22.3,6.2,5.0,0,3,7,4,2,0,0
Player_19,2025-02-11,37.10,39.1,23.0,7.9,4.5,2,7,6,2,0,3,5
Player_05,2025-01-13,36.09,47.8,25.8,8.5,5.3,2,11,5,2,3,0,0
Player_24,2024-11-24,13.23,3.9,5.6,0.0,0.8,0,4,1,1,0,0,0
Player_17,2024-12-01,40.10,39.0,26.3,10.3,4.0,4,10,5,2,2,2,2
Player_12,2024-12-25,38.00,39.2,30.2,10.3,8.2,2,12,1,5,2,5,4
Player_24,2025-02-10,8.00,15.1,0.5,0.0,0.0,0,0,0,0,0,0,0
Player_07,2024-10-28,25.16,11.7,15.9,3.9,1.1,2,2,7,2,4,1,1
Player_31,2024-11-08,19.35,11.3,13.1,4.7,2.4,0,3,3,2,1,1,0
Player_02,2024-12-20,30.10,34.7,23.7,7.9,3.0,3,3,1,1,1,1,0
Player_35,2025-04-02,32.54,41.6,25.5,9.0,0.7,2,4,5,3,2,0,0
Player_04,2025-02-18,18.48,23.2,14.9,5.1,1.1,0,2,4,1,1,0,0
Player_06,2024-12-26,20.07,11.0,11.3,0.0,0.0,0,2,1,1,1,3,2
Player_14,2025-02-10,23.39,14.2,12.9,5.7,0.4,2,1,1,0,1,2,5
Player_44,2024-11-08,17.16,15.4,11.0,0.8,1.3,0,3,6,0,1,2,2
Player_22,2025-02-20,26.42,32.1,20.5,7.4,5.3,1,5,2,3,1,5,2
Player_06,2024-11-22,18.47,11.2,5.9,1.5,0.0,0,1,7,2,1,2,0
