,BTC-USD,ETH-USD,SOL-USD,BNB-USD,XRP-USD
2024-03-01,62000.0,3400.0,120.0,400.0,0.6
2024-03-02,62603.03420351238,3342.6604243460893,123.85196436528666,408.7214553066306,0.554967229634484
2024-03-03,60101.080596423526,3234.5944667949384,117.4011523482695,398.8297209562661,0.5202370801997895
2024-03-04,61790.849468358436,3376.166200493139,121.69062931164419,416.91055423915714,0.5415321834701826
2024-03-05,60152.22435032659,3326.385244709648,114.13503232397227,418.25346683483565,0.5287157258936223
2024-03-06,59810.56561202282,3254.783989186673,118.61173875391108,414.6926739950662,0.5178926478442796
2024-03-07,59159.25290665302,3264.7125748986336,119.51394152947444,416.87885851538385,0.5247357967539665
2024-03-08,63282.066143135,3428.065761103453,124.68747838446996,425.35016157443266,0.5611086142882026
2024-03-09,65573.22316319736,3525.705236997606,124.61327517623188,426.1844917406903,0.5881170742295339
2024-03-10,67129.2079411222,3645.4875527496606,124.57245284822764,435.08522586044717,0.5996340749087281
2024-03-11,67599.24664139403,3745.0707297692634,127.38867711992211,445.2470632370085,0.6061728935070864
2024-03-12,68223.31361216355,3832.4586316238974,121.60746664617153,445.1859281742743,0.5959694594180951
2024-03-13,66875.43436238052,3740.069567818355,126.39666754581474,432.0906182903179,0.6149060706116326
2024-03-14,63439.7116166211,3541.553190866784,120.30297284748454,423.3435246871082,0.6098838771564208
2024-03-15,65047.32200793933,3588.5096819857135,120.60910598428667,436.5922688643155,0.6123124528331141
2024-03-16,62499.66149081948,3370.423116355207,110.51078108793249,427.9485708137018,0.5936202499082973
2024-03-17,63876.767717118855,3398.996245602751,113.22005966972904,438.4927309114873,0.5931197277389593
2024-03-18,64806.80005734692,3386.552590535061,112.49504709399945,437.057420576053,0.5670059198225782
2024-03-19,65812.7579145047,3392.7485295557976,113.79507095272942,444.57717906563613,0.5817472245451787
2024-03-20,67209.86295228802,3446.5031047421808,114.0353012507288,448.9270106500055,0.5483981731663187
2024-03-21,64230.77124310892,3207.0781710957917,103.43929096752844,437.2730073799886,0.506567035254794
2024-03-22,63479.41169911694,3274.8662330216703,101.71123596114535,443.6740181612988,0.48479891516194706
2024-03-23,63078.08234155095,3181.745384612117,98.8520638590699,447.6675472701195,0.4460359999295709
2024-03-24,63951.57868176271,3237.9848403848737,97.91651080082511,437.8229019282015,0.4510687166236311
2024-03-25,62903.817529284715,3208.686418069743,96.50774928016423,449.0633176355934,0.4411863590256793
2024-03-26,60920.70244682391,3132.7236925597967,94.38120873517475,453.99816682226856,0.44689115080855646
2024-03-27,61614.07524180356,3277.216432602138,91.89489691632893,453.4213336271526,0.43388947863713917
2024-03-28,60871.05540882615,3135.34948921756,92.11366595859354,445.34586384405026,0.4030235776286027
2024-03-29,58966.68756747911,3071.766079931663,92.52418535874445,457.1139903580002,0.4463509756898051
2024-03-30,59745.68464312797,3032.7843650611626,85.14732678430607,459.8306598870069,0.42931447653016225
2024-03-31,58977.85757433379,2953.689441968481,83.10482662626646,465.26081564931167,0.42622992967518175
2024-04-01,58691.192385480776,2867.437539912168,76.51299338118876,455.8209137056347,0.4189327594209135
2024-04-02,62048.84321512704,3019.164609439038,84.2527313150774,467.0441591039781,0.41565410455345486
2024-04-03,60202.961511333815,2888.4070645104093,88.64952209465942,450.33898616285404,0.4238042913278885
2024-04-04,58526.188080518266,2881.443571256533,88.14048436516435,443.55074583459924,0.41712402593949005
2024-04-05,57341.23566220443,2860.311173130462,84.9945085411012,427.5543419037715,0.3901775200071947
2024-04-06,57659.19884806077,2985.490570540142,87.04967071341413,431.2617428069077,0.39904665712583876
2024-04-07,60079.87578819437,3110.5243435570956,89.27582160738014,452.71177546272264,0.41666275689163956
2024-04-08,63055.52040610624,3258.464561471556,89.16242111786093,452.24638952440256,0.45934299449057553
2024-04-09,66570.24300623128,3401.0809172232352,92.46335126248515,481.1717711336159,0.45302941192042234
2024-04-10,64732.79645605933,3370.0220075773677,88.85229090002844,474.3870710623006,0.44171345641561
2024-04-11,65429.89330393578,3518.8273474725934,91.08900191318097,487.38229454406854,0.4106471984328535
2024-04-12,65337.02046173061,3442.422260015883,85.87688040715884,475.2219427831698,0.40104789067495017
2024-04-13,67251.055379591,3417.882182176086,87.517560338782,475.3995046206311,0.40085933469034896
2024-04-14,69410.23581983223,3558.85807627292,95.77292926042381,484.89996040405697,0.4005502401310483
2024-04-15,68931.52029395124,3557.2470242048353,95.92115109997764,472.5190454037549,0.40087341244128527
2024-04-16,69434.97835249506,3804.1446221515953,106.39811795188683,472.892759272658,0.405429951397906
2024-04-17,66323.23625712092,3601.614961878123,102.404235825855,470.90279643238216,0.3800892284456119
2024-04-18,64981.72929055331,3357.475039511824,97.91506816094778,449.9225654409582,0.3629575568819342
2024-04-19,63223.592914580644,3269.4794163107795,88.49418986444181,427.84781057466324,0.3865723538274526
2024-04-20,60724.974775060124,3072.5080407340283,90.8087350977454,442.9451155680359,0.35798910448106114
2024-04-21,60033.31329493327,3066.3080829493406,96.58018070629721,432.4170701232643,0.3545141577395362
2024-04-22,61523.6616910191,3165.128710658605,97.72492324910809,438.2286197072856,0.3402560613746109
2024-04-23,61071.87704262969,3123.689445450464,97.6620039138536,430.7154307355697,0.3450226458947584
2024-04-24,63052.382733697756,3223.3871870896714,102.35105281544784,439.9798670349754,0.3529346043241543
2024-04-25,61646.38545098227,3183.8673432034907,99.84801752221145,454.50295035404554,0.3705766114963286
2024-04-26,62404.779421883075,3158.284184797271,95.9074910539569,467.145551788495,0.37414260064084987
2024-04-27,63359.86186858004,3067.200428553408,99.70247452458788,472.44320094663834,0.3589837662879574
2024-04-28,62435.35581898152,3046.583855509591,98.5953029323741,466.0202166914802,0.35415859243018455
2024-04-29,61950.01463787031,3036.227796887331,103.98238757864432,440.30801020351026,0.3514901504889459
2024-04-30,62301.21218581378,3072.4082477447814,103.15283038207717,425.96787189198716,0.35779688171012053
2024-05-01,65781.5008935686,3103.646941961927,111.41245070689888,434.0959282152028,0.3687157448322749
2024-05-02,63648.86610396379,2990.261601931084,113.33861467690377,430.9351216778777,0.3884573390936529
2024-05-03,66053.7122024647,3121.079676673423,126.71474844423953,446.60362995050167,0.4154112959974804
2024-05-04,65448.5201319246,3100.1916790902255,121.9816696357565,453.33508148465864,0.391450850151062
2024-05-05,67083.86302201121,3152.400584277973,130.90741715782042,467.6818431682476,0.4303513361202436
2024-05-06,68648.78337685758,3095.5620675139016,131.84732119729625,458.8537182226202,0.42467666110887176
2024-05-07,71993.35231911746,3276.4815482687923,134.93701883034453,462.97500894700767,0.43911730213290884
2024-05-08,69302.20845780456,3117.0788417020412,130.78011672906095,462.47927550018443,0.43739312960879984
2024-05-09,64497.56158893231,2948.010166769816,122.28156420258584,447.69550879053935,0.44587515513974196
2024-05-10,60457.468086713816,2745.408126276323,116.8097676118435,415.5842455043134,0.45388877907554165
2024-05-11,61167.62827434808,2830.323062547079,116.13286126311098,427.2305396679345,0.47828207365048664
2024-05-12,61623.37879666763,2864.210900659039,118.44124848658697,421.90871753226116,0.47863569610644013
2024-05-13,61335.627735095964,2878.343686768235,123.12133926008174,412.62278287856014,0.4772957794514522
2024-05-14,64263.783017409914,2943.8734463903443,123.89056718354676,424.0638738796823,0.5063143714517068
2024-05-15,64293.89310735894,3040.6438898268784,129.658258862318,435.1089407077646,0.5223165533385271
2024-05-16,69177.4677979361,3224.8372684166743,128.17459142548392,468.61148089994776,0.5325439302175607
2024-05-17,69419.84801709947,3338.113149396347,121.59036810124798,459.2279735175862,0.4991618303608234
2024-05-18,67717.33574195922,3300.452244854369,121.52841759155916,456.4024283781367,0.46416528628684983
2024-05-19,62985.33988822643,3100.978150252803,110.83322260475946,441.24285864669895,0.45381429764643416
2024-05-20,63266.32015716398,3170.090310912215,112.97941663700348,449.20137526022376,0.4433301764807165
2024-05-21,62917.34840130389,3168.997079765329,116.30998585342091,444.8425838929025,0.45295315424569366
2024-05-22,62401.08986239516,3136.423923788127,119.16231231144741,424.44676352648986,0.42821734431197217
2024-05-23,59569.497271992295,2845.16260960459,108.5247668310377,414.35420333904113,0.40418329568977196
2024-05-24,59947.24497252665,2936.6644725026395,116.25666915767988,418.1953546187958,0.43342662184827097
2024-05-25,60127.52911679583,2884.448457090174,112.95877113941825,403.95705781582734,0.4161066331139919
2024-05-26,59461.777486438164,2911.860395587979,120.57748340658198,392.00810754753826,0.4242435958394382
2024-05-27,57556.35556282651,2862.01073820869,116.44014534121688,370.5529904826742,0.43228715444948107
2024-05-28,56479.27986464837,2778.1412191245463,108.80549019951698,359.8859590567522,0.43145527987108967
2024-05-29,56150.75520982604,2785.336486820004,110.0020051054766,369.5984307983548,0.4240722401771398
2024-05-30,53611.7551913379,2744.1487174728504,104.41040060097316,369.92915446836093,0.41834259631502024
2024-05-31,53397.26434267617,2756.996144311715,112.91016877379322,387.30874893905474,0.421237758142618
2024-06-01,53672.456708769205,2841.82993098844,110.47224929833469,392.88344736237445,0.4223691093212423
2024-06-02,54210.13982356414,2808.637930080005,103.75820337313854,375.84694308887407,0.40214470445165723
2024-06-03,53440.70195856979,2753.3320074898697,110.43125021004789,381.891037272099,0.3843907491494334
2024-06-04,54033.39000827552,2751.9869876112157,109.92475743185793,384.995844595714,0.39579642368352214
2024-06-05,53466.60308702481,2797.1601471739914,104.5851677063165,384.05663141344064,0.43758412586627266
2024-06-06,53848.40172841663,2913.3118494742416,106.85895707268467,393.2539281037028,0.4410181270631096
2024-06-07,53566.85970986109,2844.9316244026063,107.455916681827,383.70046041964065,0.45089821097114563
2024-06-08,55430.17318197897,2956.6805797814422,110.13336159532663,395.94087438174915,0.4551876226968248
2024-06-09,57089.19912421133,2901.459410354344,110.18688467194505,382.60532318992426,0.43247674018608256
2024-06-10,59594.13824905153,3077.7815550810383,112.38238761094495,381.46528654545125,0.39405211270534124
2024-06-11,58591.99561832369,3214.7651035951567,114.57982244448554,377.78812263909435,0.401985220355043
2024-06-12,55795.047228547366,3057.1278483296833,109.22216373469128,365.75265535413445,0.4012376081061059
2024-06-13,56408.41945710847,3136.0540574591214,107.8334941721384,376.1246911412984,0.4319956131067915
2024-06-14,54721.684100640545,2988.0308740333376,109.66381971849728,366.8754569805678,0.4489581710471181
2024-06-15,53972.335615884425,3057.319586662168,109.92955419373294,368.5307991792619,0.4775461778104408
2024-06-16,53368.4443530778,2958.289308064603,105.845794799628,367.67799966622243,0.440825777254431
2024-06-17,54453.61736798313,2970.985085175394,112.65548807301077,353.17883332548837,0.43379183947239935
2024-06-18,51650.22771599767,2779.714431419976,107.16963327633366,339.63243611591935,0.41275966856534224
2024-06-19,51398.291018340286,2780.7615894461233,102.40648707824178,343.66108803783976,0.4209984287227294
2024-06-20,52029.28828843699,2847.9943890730806,105.32304141281081,362.5897041141388,0.4234306816133753
2024-06-21,51535.57280077757,2772.4647578095733,99.3229257309773,349.3404107200312,0.40245471526412846
2024-06-22,51426.93919944747,2789.097215765693,99.51439218157618,343.82312582739917,0.4178061493429373
2024-06-23,52640.896098748315,2834.8519313391175,98.96935455187925,352.1409306673867,0.42580139678690654
2024-06-24,50305.973727581964,2719.2876393798533,95.48462459315282,336.22355806562024,0.41645342067409147
2024-06-25,48064.51099123287,2698.229971199443,96.98553905184313,328.0891132626858,0.4141775884844234
2024-06-26,44565.901581817365,2455.1059341765163,87.97422047881336,304.70215294000724,0.40288419224475047
2024-06-27,47456.0767962414,2520.2596923626506,89.60579832324012,315.73513708076575,0.4451977934499502
2024-06-28,45673.80668955761,2451.32495422136,93.06419082903393,298.9799173705233,0.41488406412413203
2024-06-29,45075.14630742656,2392.1525205908647,94.5073115322385,297.69277612003646,0.38182858602596037
2024-06-30,45815.72130165371,2392.1254700440354,100.6949150406589,296.2246717335357,0.3767168586714218
2024-07-01,46606.096322408164,2472.831357681986,104.89396269876039,289.9362299158402,0.3919002759375539
2024-07-02,45121.46381315648,2416.8500570637243,95.88821708494882,286.90938550737843,0.3686135598712936
2024-07-03,43344.76517728457,2373.438694610068,93.49273202007825,277.51972135372773,0.38251090572029656
2024-07-04,42753.73870643307,2346.2794284003444,93.200558341815,271.7678698043804,0.38679054653483785
2024-07-05,42048.046658795545,2288.777035291734,96.56063983628923,263.09366440589633,0.3471024463574952
2024-07-06,44234.9278209818,2544.3884481899986,101.86721415031747,263.3275360918245,0.3582620761331254
2024-07-07,43843.88830999887,2512.4142105332953,96.2350548879171,264.55430152445143,0.3615924220085381
2024-07-08,41838.31145977598,2452.1006944487945,100.40345682307101,259.7558116439921,0.34898322390789854
2024-07-09,41656.70658641741,2478.8021845289823,93.48854285485706,260.19166921956526,0.34060042877094554
2024-07-10,44150.476342074915,2596.473293231253,105.89754622263196,263.41791296466016,0.36509431138942183
2024-07-11,44600.46163552804,2564.3160949140565,106.94530346762878,270.8300399628402,0.3608617322301906
2024-07-12,42297.034405760714,2446.34085070534,97.64436106604323,260.16622025301274,0.34551185194389605
2024-07-13,40095.327792273325,2244.289801584696,93.14890202287495,247.39073436285653,0.29777973827945503
2024-07-14,41100.396609126794,2307.995062914594,92.85565918066868,244.21759954971196,0.3130564304139073
2024-07-15,41558.36682865464,2468.3335480804285,97.27552735357268,250.89635278048712,0.3167023549559882
2024-07-16,42642.851842691794,2562.4371617370552,105.53182936986376,253.11837411741004,0.31875799002927013
2024-07-17,42010.63518266397,2577.3972602163576,111.18923656398493,249.85402781451262,0.31279084962068276
2024-07-18,42431.71703434035,2583.840251734462,116.47743975564336,239.5623923591919,0.3053152423513003
2024-07-19,41406.32261333469,2390.170138407503,107.18288387254545,228.63300031062496,0.29357579839729053
2024-07-20,42883.89539361576,2449.37156524699,106.11902400216144,232.579846520072,0.31214635358764475
2024-07-21,41593.98370099211,2332.094135251241,104.48772430159464,226.44348480512284,0.3133211584853167
2024-07-22,41580.717569289205,2370.7782262307664,100.5876087779628,226.81042488984076,0.30994184749086334
2024-07-23,40027.2529178281,2207.2273143493794,98.30411154672973,218.56750353330736,0.2880755132086305
2024-07-24,39910.90491598497,2262.009211052889,89.97992308836939,211.895492808713,0.2756463749040525
2024-07-25,41789.62655545851,2370.4425415168694,97.38387258991578,213.04664720486974,0.27254692196227964
2024-07-26,42386.143898197406,2402.756606292363,101.00263496904213,214.19087621526447,0.2788343535651906
2024-07-27,42601.8168622962,2458.699975240426,105.51447408654798,208.54729957063773,0.25658570170046513
2024-07-28,43968.20420920308,2600.663854634794,105.33410503303904,205.17306451712162,0.2636704141008223
2024-07-29,45277.47688646274,2786.3495384903836,112.30550169310186,209.09884143711116,0.26157811195499875
2024-07-30,45298.72705267228,2766.592134011762,107.43355739952595,217.86713220541264,0.27965201626927194
2024-07-31,46949.22150927732,2790.8322753337497,114.41345911406572,224.82450652458772,0.2911948753559403
2024-08-01,48833.79018384815,2932.6322754964144,123.2135640842414,234.22880605731407,0.3046266941964501
2024-08-02,46178.623677664495,2797.526607167726,113.8740242851679,220.387714614551,0.3140801998970097
2024-08-03,48760.786792323684,3031.3573519517317,122.73655198908679,235.91294814505906,0.3276582903828783
2024-08-04,49077.710298203645,2968.049771864482,124.3969084301626,235.96518683275013,0.31039414578930524
2024-08-05,49004.23327612159,2957.628879135001,133.55993979272296,240.7175963755067,0.31182147085805334
2024-08-06,49394.02920460777,2980.5799820473417,133.45536469617684,236.32271286750353,0.3113194487760719
2024-08-07,48255.393265346065,2832.432819050183,131.7438665838944,233.71021498553043,0.28313233154711487
2024-08-08,48075.09288929595,2891.3318973016967,138.0806517709551,239.80453500853727,0.2848337434303492
2024-08-09,46821.13934138837,2751.246940515485,135.137172700672,236.79804785865605,0.29382922023862373
2024-08-10,48472.16545791698,2826.1031616833884,132.6913317169601,239.55536383581128,0.3016548783989784
2024-08-11,48170.78908937037,2770.8726894290926,132.54228228635145,235.51178172864843,0.29202175652591816
2024-08-12,48649.60565032397,2767.102240248822,134.68470895803048,237.87352314138764,0.2798096729766739
2024-08-13,47925.1157798046,2827.0747271368646,127.84441262455366,226.61601709125193,0.256984320288458
2024-08-14,47974.20661882575,2830.9536675299514,127.29841399267501,232.67583078933694,0.22957500047265464
2024-08-15,48579.788460543976,2971.767729007671,124.50532385454946,233.97070173236852,0.22480637294689484
2024-08-16,47239.47279912631,2876.2735820632133,127.96718340323314,239.31058952697808,0.21793538451742536
2024-08-17,50157.53065047371,3032.9333694621373,145.96874944958597,248.09178530912513,0.22960180861062274
2024-08-18,50742.1100896675,3308.2998681793433,156.714808345974,250.1884963416046,0.24509905671635254
2024-08-19,50174.26371879371,3236.3438135392043,160.12374285031902,248.35164395618946,0.24619709595895525
2024-08-20,50201.80696320566,3263.5237467423285,163.354263114504,238.90290555646874,0.254176835556202
2024-08-21,48682.51170196529,3066.9692284536554,156.12584611838335,233.3010987991568,0.24003486728903115
2024-08-22,49975.274308811066,3036.8502796159632,155.83598756200755,232.37321098428038,0.2418947953004096
2024-08-23,50420.39785761289,2985.836001131951,160.57568130782656,232.96203231615823,0.22432991619774095
2024-08-24,47417.67193110731,2828.0332959497982,149.52575995866712,224.00824094880164,0.21459498049313677
2024-08-25,47759.99568655126,2911.2074628845103,144.85901735179866,220.12567346793705,0.20601015358126487
2024-08-26,48200.602526307186,3023.757737899162,144.94395977611367,211.01014711473883,0.19403744653630714
2024-08-27,46961.082632969286,2915.1291632396715,138.15501262692328,207.24297406219642,0.18725163659491478
2024-08-28,48539.78572871475,2951.1309021366983,136.9917877612377,212.58110422595934,0.1782414154908274
2024-08-29,49142.87209937625,2989.793636268919,137.86921022593654,221.5694050959952,0.1747391843961832
2024-08-30,52433.51377342044,3146.149973291602,139.2280535933335,229.99683721883096,0.17333567581920786
2024-08-31,51215.71057132502,3111.0658182625434,139.47541930775597,224.39190711052865,0.17839752918697566
2024-09-01,53117.58049299641,3324.7813232946787,149.42175637756236,237.88067948734022,0.17017355163129208
2024-09-02,52595.65709818956,3226.7584939514168,147.55893627470678,232.65534220861284,0.16723178660164442
2024-09-03,55804.45261830693,3383.4928333686894,158.92100564026435,239.73154034453242,0.1746272030640644
2024-09-04,55821.11527420777,3420.4115746567127,167.24469227139556,249.22429731185517,0.1777081421532827
2024-09-05,56870.50114525944,3380.056284601252,168.1152040989913,255.60937475877273,0.18524173763712734
2024-09-06,57255.978116100545,3472.9726640338677,173.7968117826233,264.5716834205108,0.18910557708405082
2024-09-07,56626.14400682549,3466.680076737179,152.66816920094064,264.42693670952536,0.1594387739862021
2024-09-08,53648.54010388873,3342.127237203561,147.93139521018895,250.48046326803978,0.14982015593159068
2024-09-09,56014.258964140936,3429.3171013815686,168.60950907355053,257.0911770369812,0.15780016427744945
2024-09-10,58938.4993368573,3595.883798219278,170.30355666416386,264.2061332438666,0.1623907473998228
2024-09-11,56471.935584536324,3441.505069955351,157.83914572303703,262.0875323899534,0.15710227949472258
2024-09-12,55978.744985331236,3405.4815389647056,157.6577839095217,264.0854590636349,0.14965988917988543
2024-09-13,54183.159012230244,3398.579153394512,151.24473289910398,252.5254123572477,0.14965389922086633
2024-09-14,54983.440625408904,3316.1881472750415,152.95928952014503,256.8852623720062,0.15238642331558808
2024-09-15,56091.781419532046,3260.799188344905,156.32173707721975,256.60827581783667,0.15053073863491484
2024-09-16,57652.81473063302,3461.0323419472725,174.88755575674625,270.78389410168813,0.15444665542260233
2024-09-17,58301.39315083531,3559.661091176174,178.69291536457044,274.40583768365747,0.16151209583970505
2024-09-18,58199.32641501874,3490.985290804172,174.2324296968338,276.6897021715434,0.16033079534039119
2024-09-19,58830.93444230627,3580.8281509743106,174.22739121556904,283.7706427418305,0.16407227831552015
2024-09-20,56599.35327948165,3583.8502838143504,165.96915783762,269.4170490215038,0.1537788815793866
2024-09-21,54819.21549655369,3488.479542704835,158.90160555088744,262.40595976551856,0.15420066704740168
2024-09-22,55413.55854919699,3547.6555184910717,163.64660901650814,268.11773669776136,0.142507126354077
2024-09-23,54788.951027160634,3330.9485428666603,159.15698285444788,263.4529254965277,0.14617537945425224
2024-09-24,56877.29989801381,3457.788277348898,162.00327946243155,272.2676875079797,0.14630868188416005
2024-09-25,56881.04551759198,3540.6548248767617,159.4672567008491,278.1145331646138,0.1505995573470136
2024-09-26,55206.7982712302,3530.7077795276973,160.40175978040335,275.33236214060133,0.1438562010748095
2024-09-27,53742.92082514219,3403.074610391173,158.8803774088147,264.9672300768681,0.14380689013959486
2024-09-28,51693.06683793882,3272.101778493562,153.15411893028164,272.47588630492874,0.1318389499237233
2024-09-29,54144.831234502104,3418.9601458534544,163.2306354465275,281.1423109758045,0.13874858077814553
2024-09-30,53890.033715941296,3526.0344527591683,161.1719114944665,289.05810086184374,0.13503457053411672
2024-10-01,53794.05241571353,3429.3172782737665,162.42299045695844,296.3613600444691,0.1337661277774713
2024-10-02,53468.314126046535,3319.320689503688,158.40723537970482,283.79246822097355,0.1275421851342495
2024-10-03,53856.3934014311,3447.9512101437426,180.8448744919981,284.28747419060767,0.13832173285010815
2024-10-04,54276.20213483545,3457.808173327267,185.17163520401522,285.9064280558285,0.13969954648093338
2024-10-05,53590.487095944474,3304.723911644916,169.57915413617988,285.18540307481555,0.1350527863455334
2024-10-06,52602.34657333668,3251.1234265093804,171.87217853528477,283.4005662247768,0.13004830324100056
2024-10-07,54673.68874698584,3493.108772595056,184.47117182312456,298.53379826840643,0.1415992284442227
2024-10-08,56655.180663486724,3656.6648486813783,196.7325126891082,309.4654186886784,0.13908925829848123
2024-10-09,57922.130940995856,3606.6203281051253,192.45189348387134,319.91801814699255,0.14459540288557318
2024-10-10,60698.6537083034,3731.769074525798,191.79483854244114,326.35914386786374,0.14890680871058362
2024-10-11,60856.08305361947,3843.3696996361246,191.0280492521948,330.9817668937035,0.14350102574257165
2024-10-12,61729.61389554285,3890.825592734739,187.75777323104825,331.8024783501442,0.14325503129931863
2024-10-13,61214.80250368318,4030.7308405902436,187.92349771561857,331.2387310631311,0.13142205622881997
2024-10-14,59526.14626781075,3907.2018490176756,177.16218315711896,334.7430520654719,0.12733287709599608
2024-10-15,61991.01100376683,4053.354999265616,184.73938368443598,342.3825065258532,0.13083421818535312
2024-10-16,65436.38734237469,4016.3898872488726,176.20789136884585,344.6928780767598,0.13326596724149964
2024-10-17,66877.40077852765,4139.746215436237,177.80342406328313,357.4831056346214,0.1410106603067574
2024-10-18,67272.47136955625,4258.189821472621,182.12352715028774,356.2503508905867,0.14646040089314583
2024-10-19,67513.9708311434,4270.530916233678,194.0534841170347,339.4715229569575,0.1393448168039327
2024-10-20,65050.48607382611,4096.512879760149,184.36300108696986,320.85567289413194,0.13012345699926786
2024-10-21,63322.33804448385,4245.491679958016,196.92086167563426,317.47902757362147,0.12807541509778497
2024-10-22,61084.398861667396,3926.924010290388,186.0847194985254,301.3205393850022,0.12343463420698218
2024-10-23,58096.819671518955,3688.56954970086,176.8719056706268,293.6762916227208,0.12093411886780837
2024-10-24,55742.8962724196,3630.923866563691,165.20907555281417,291.317916846047,0.11746413268220274
2024-10-25,53390.537052799686,3468.8503943475807,160.1169245385035,287.3250404654549,0.11327337026217967
2024-10-26,56027.8726880344,3706.748057150193,167.47384283676024,301.8261503303945,0.127084411387439
2024-10-27,59592.442057759465,3796.5399043140037,169.69083580072945,320.84655613430624,0.12536577438468588
2024-10-28,57174.23523142639,3617.510422681043,164.8889873849368,311.74310697772677,0.11849210047182117
2024-10-29,55982.49301086804,3489.705646798828,154.73188768699399,321.67185941660426,0.11717787507553633
2024-10-30,57569.77326469819,3533.0252091348616,157.18500345475553,321.2775584926201,0.1065789142626314
2024-10-31,55137.51117079045,3255.119411071441,135.19333632575334,301.6840942328457,0.10755628604234185
2024-11-01,55066.65276012516,3353.841562836118,138.63155384492106,308.5975291030077,0.10411318581641796
2024-11-02,55986.40070785375,3462.485481852493,138.34175988792884,316.2687733015503,0.10775514709530117
2024-11-03,55034.45625630708,3318.4469292316285,128.28956213986507,311.42591701596393,0.10683240367837597
2024-11-04,53687.45903782296,3248.4718140574078,128.05604987068736,311.168109787861,0.11218281812678073
2024-11-05,55890.42987987745,3283.242659191148,141.63790140659663,314.23335483300906,0.12059806745755372
2024-11-06,56016.03020411811,3256.110347478736,131.26436673487092,312.1436711185454,0.11209116953450184
2024-11-07,57750.149958300186,3468.4079018246543,132.4524378010212,321.95563459643444,0.11129159190245437
2024-11-08,56627.667935725076,3472.992997615101,130.3766126029219,331.4319306530074,0.10775456392738343
2024-11-09,58439.491182808204,3577.4884178015764,139.03169058675087,334.982399070801,0.11017380255520678
2024-11-10,58234.27952592562,3494.000304772752,141.3275381834079,337.81288146397867,0.11237837221476203
2024-11-11,61120.83712413856,3774.3543537490814,147.64316163123038,352.7695656183771,0.11356036700201992
2024-11-12,61172.38817384174,3721.616824701919,157.08691163096,355.34491656233746,0.11288240376744185
2024-11-13,63515.98547729046,3647.9884049729044,147.47917399213225,364.7461750916976,0.11387637095157885
2024-11-14,64024.54837344917,3556.3508674413256,146.86266746318825,379.9372127907603,0.11748964628366355
2024-11-15,64373.74573881871,3534.5287515952773,144.6802126478615,363.29394397434663,0.11886507253908725
2024-11-16,66113.18710296672,3481.456163191883,142.70938811594598,357.0397347765614,0.1151414300071205
2024-11-17,66231.58288888911,3314.235621545333,144.12065565228968,359.7667924428496,0.11313239723340518
2024-11-18,61274.22554831883,3021.4341297712576,139.06638749551007,322.65143395050734,0.10598007258161937
2024-11-19,59051.529332973005,2982.094883403042,131.09167637997027,319.31498955233207,0.10580025723273288
2024-11-20,62563.841675383126,3120.485876396199,140.72651131120404,320.02653410516143,0.1156936800491763
2024-11-21,61093.95833995774,3014.1631731179823,136.5893825862499,304.33516105955687,0.11468024577798368
2024-11-22,62985.608785199634,3116.8694110182155,132.12438975625932,308.90459933632997,0.12004395746858268
2024-11-23,59384.710994287634,2883.47896156301,127.95771630783649,298.7105974258306,0.11707625364832193
2024-11-24,62962.835245557646,3068.758963173555,139.80591907921965,328.68076460742367,0.12091322872921259
2024-11-25,61411.45425089614,3032.9541642924987,139.21659275387844,321.0472237374406,0.11424889334286377
2024-11-26,66039.14206278026,3256.828936104081,145.5391629768257,342.0591254854581,0.11908298216197596
2024-11-27,65523.92642812087,3278.0653252627408,137.44567437803192,343.3958536695023,0.12779355219063493
2024-11-28,66497.57403992515,3289.6077228454287,136.1064828539605,342.5406555760362,0.1271712435606306
2024-11-29,65720.43267721866,3328.1443508659877,126.08450093634674,347.22538887734265,0.12365032430298277
2024-11-30,66510.35668439174,3271.612052298863,133.47336266811266,357.697967268633,0.12951784534381897
2024-12-01,63427.38644323684,3201.3522886530322,130.18235880451954,337.55914303818975,0.12601445869822303
2024-12-02,64164.730101788184,3276.870848754443,133.1493176832803,342.99060047382574,0.13531373816013387
2024-12-03,66690.82599214607,3161.0975496122896,133.43726969253126,344.70874906457163,0.12721893113226812
2024-12-04,66895.71077500266,3266.0876020606693,129.1777763780781,349.4527805258763,0.12272559157058016
2024-12-05,65506.06609691786,3322.6252017521965,125.0691455303412,350.7881527323666,0.1122842373918863
2024-12-06,69459.17940652258,3547.9087503597725,132.1603119428238,368.7060340927853,0.11022102027242778
2024-12-07,72095.14573260318,3635.78190216596,135.58459791354326,372.34337866898005,0.11002181034236094
2024-12-08,73693.36272845464,3728.244042414151,142.54162303940788,377.9253651461245,0.11439446753061264
2024-12-09,72738.30950658295,3889.523541995972,134.16222378756314,388.63580573743917,0.12026067729802892
2024-12-10,70825.23542995483,4009.7047817123967,138.41544819286756,395.25472602065423,0.1197035214810118
2024-12-11,70351.4135729597,3964.9578283877454,139.38446702636082,405.35045684037595,0.11989819194453939
2024-12-12,68373.69550655036,3944.2182347811868,141.51563693757757,406.1903746371823,0.12203623642381783
2024-12-13,67801.82793043523,3827.1244267937836,134.32306249255893,388.11361183692566,0.12167124111168194
2024-12-14,67631.78053846296,3777.186578133499,118.15642024550736,375.14622536156617,0.125556408485034
2024-12-15,66242.00107215768,3740.7139533004047,109.5305103932296,382.0368807261635,0.12234411511304459
2024-12-16,66855.47186024844,3988.5733489492286,119.75753924446744,386.7231598859396,0.12199942609631009
2024-12-17,66182.68409946698,4001.490620274674,118.43341005516456,382.0553761744842,0.1289642336540273
2024-12-18,65952.95183886847,4216.817260882141,120.55308745452851,400.5343906695791,0.1316781196400249
2024-12-19,67985.43030341812,4253.7614005966925,119.2103377897145,409.92726914235897,0.13895545046890528
2024-12-20,68078.8970940373,4127.022540754133,111.65773659316571,394.7864363782055,0.1278161980195302
2024-12-21,68320.87169544114,4253.1166808396665,112.91386459532897,379.08814339497735,0.12784910872075106
2024-12-22,67979.90345593214,4453.973158384237,107.50955171467356,377.9777928162675,0.13720648010511144
2024-12-23,68954.9559314836,4570.55925411549,109.97775285304463,384.9745774425158,0.14334747730678457
2024-12-24,67231.42671212625,4565.338381549025,101.976717253271,382.82964256847185,0.14159359620669187
2024-12-25,65949.90468607756,4485.406810308091,97.41779140268315,369.5735312214051,0.13736159285596145
2024-12-26,63709.50581035798,4384.768054101651,89.92702607087246,367.5936594396179,0.1271709624072491
2024-12-27,62593.32417920317,4251.448806469441,92.77317021272141,365.7737164575162,0.12471859013848784
2024-12-28,63588.378147773234,4094.804197026057,92.45929642074162,381.26293266057985,0.12523626729991474
2024-12-29,63731.13073839074,4156.572741096642,96.49227042880725,367.2523879422076,0.11771654221419615
2024-12-30,64160.45340997739,4108.124536999446,101.87606051313031,365.5563786870843,0.10924384219931242
2024-12-31,61662.384307881315,3711.016321461171,94.81667224296915,350.6967701932446,0.10304612525615331
2025-01-01,63794.45952638362,3934.646327738482,98.26847966936394,343.89073387941505,0.10877059713139493
2025-01-02,64923.99409543734,4024.505893929153,104.30800248118086,339.9053361823351,0.12029821065756985
2025-01-03,63003.83558618447,3990.8990813693767,94.93195288732763,327.81786415441434,0.12512967481101553
2025-01-04,62496.560509139,4043.1512729390965,95.65558251711295,326.9309414942756,0.1322281038955549
2025-01-05,62040.58322143332,3846.5900181570737,90.52250391384085,326.1380724293364,0.132108523085086
2025-01-06,59067.69632333877,3619.703952303256,83.60719249274901,312.9167871847471,0.11994631256129884
2025-01-07,57919.81200414914,3494.8445485199913,84.07856819080511,313.8137395295362,0.1174465678429727
2025-01-08,57217.33493989482,3468.522474441953,80.34798436571626,303.90307426530745,0.1117187942543509
2025-01-09,56094.059526008095,3313.1833947480773,78.51458514031856,303.34336833120204,0.10256508709481596
2025-01-10,56144.49768708523,3297.259971303592,79.50127182009588,303.2049446616104,0.09654839560178183
2025-01-11,53968.05982246899,3186.543083325649,79.68330219151369,282.89914399283293,0.09584697549901107
2025-01-12,56028.616706267654,3279.6625457439113,84.45602057545588,284.9531453552681,0.09792479840293362
2025-01-13,53253.66705759126,2963.0089729175943,81.85397310198333,267.93112209085245,0.092211217362015
2025-01-14,50990.24977842515,2755.9375467964555,76.89850955076491,255.22140445675487,0.09030572578351045
2025-01-15,51725.774075814275,2811.704838940547,78.92089758224367,266.6801443931728,0.0872383651964255
2025-01-16,51642.270062150645,2885.0836998052537,83.68657704742965,260.31463099248253,0.08690103014387858
2025-01-17,53898.49188804813,3031.355548066761,88.3386724210907,266.5071184825109,0.08822972696468277
2025-01-18,54394.53731984176,3036.288098399836,88.75492622198452,268.0502761051297,0.08611049216574769
2025-01-19,55317.265533699865,3305.8934943225404,85.79674267336733,275.9064821598621,0.08478677962604696
2025-01-20,56335.68911340688,3361.959191949904,90.12587428954714,286.308300218559,0.0866477029367235
2025-01-21,58380.99611956258,3276.0570755615995,97.80777920666776,291.99949051544075,0.09233597402716409
2025-01-22,56192.83671341462,3104.358279778028,94.02091915368482,284.19900678472237,0.09068714629244805
2025-01-23,58146.08483505448,3063.785587418557,99.78801805004035,287.9312436925691,0.09156584964323863
2025-01-24,55526.874158451195,2977.9603477160085,86.57045697131896,283.8430299324284,0.08269241106797438
2025-01-25,55626.270500689425,2973.208005461518,90.84750919232208,283.29861013862705,0.08070005414156918
2025-01-26,54754.25548936647,3023.4248649920646,92.27697159476115,280.25965553093727,0.07963060022058897
2025-01-27,52130.3233613863,2922.855777773101,81.91528884299993,276.4640044363814,0.07693073920790193
2025-01-28,56194.542925799695,3038.3490023363797,87.1054043637523,298.71919508584676,0.0844008088888934
2025-01-29,54985.21867134086,2996.4620554866224,85.32827778480763,296.9528572656509,0.08077561897754848
2025-01-30,54837.20245790594,2875.0529930215007,84.43720696497357,297.02679855435923,0.0792450596270773
2025-01-31,52130.857780738785,2816.426148344876,82.06369726953913,285.2717862389441,0.07611082809349617
2025-02-01,49736.4202434519,2635.8401376353986,75.90896981716399,283.10232478651153,0.07118440987039237
2025-02-02,50752.112574864615,2647.3808174054516,77.8647873698954,284.9891146068014,0.07466821300801142
2025-02-03,49912.26929938959,2510.761768653276,71.40059119159886,276.3540259325377,0.06918887213238754
2025-02-04,50564.98426949252,2510.2762705843506,79.40352740716683,268.55901930285387,0.07093875301307645
2025-02-05,48810.480763183645,2404.30611274162,76.74028371126934,249.69155218908162,0.0699026314810852
2025-02-06,51822.07858011241,2505.2428526684353,81.99682800832478,263.9481728949282,0.0720951750874523
2025-02-07,50890.71891116119,2332.8502006714816,81.14038297054921,257.7865039811621,0.0677044785893695
2025-02-08,51099.05383604996,2307.687938590152,79.29748422970913,260.83300804353706,0.06382329618162419
2025-02-09,52813.50648628584,2295.556457435608,78.82141373692252,274.98834554699624,0.06763302374439084
2025-02-10,52981.44975068524,2249.449920335288,76.74138292857795,274.4697743721345,0.06739447137054777
2025-02-11,52836.25461494902,2241.764527920496,75.78690838583644,265.6087062013127,0.06578781823265623
2025-02-12,54381.89854530423,2223.444245702506,76.51022387398827,263.68332329750245,0.06691512252607737
2025-02-13,53728.07871486891,2279.609752455038,78.03348795270341,256.5751552591092,0.06884754393395631
2025-02-14,52442.485573693644,2200.2159415363453,76.74936173076283,249.64121053693933,0.07016619068328785
2025-02-15,51187.88175582923,2121.4376463017315,72.51046972614864,242.16839197908817,0.0718428431202486
2025-02-16,52214.48934162991,2249.3366359824413,82.24079366246949,242.4217374306324,0.0742365976452994
2025-02-17,50326.437527609174,2136.7594131521673,76.71118369194454,230.80312505819575,0.06889383515489728
2025-02-18,50104.39913475942,2066.0950945020354,78.25030848178415,224.62395051584414,0.07703644355182354
2025-02-19,49404.54752716988,2043.82636310084,73.14475357092144,230.6767497913958,0.07939038128245507
2025-02-20,49872.85348496436,1994.0449866929832,73.63843487176352,225.06072393847666,0.08447333671156844
2025-02-21,51162.12633359763,2043.239577054445,68.34377611659271,223.18093166060498,0.08761761230045007
2025-02-22,53154.36713742691,2169.656422730491,67.04430481414717,230.56312127098226,0.09355714062899856
2025-02-23,50462.43036913399,2072.236628471753,64.31982157873895,222.15899629269117,0.08365802408933842
2025-02-24,49954.37078273432,2037.1833246073695,63.07709254096254,217.78602359785145,0.08136530325068321
2025-02-25,49897.58477990922,2056.533416588263,62.39539237615106,216.1194181621805,0.08163075140406276
2025-02-26,46981.55080055103,1973.1243631160664,58.92782086422098,209.1522973170679,0.08167470428760039
2025-02-27,44191.636673135115,1782.3659735992073,55.14799617555405,199.74572212059334,0.07824900182788463
2025-02-28,43559.67524534679,1788.1203453051112,56.74180279230247,200.962966283341,0.07706573275378899
2025-03-01,40774.15924521159,1718.944511856808,56.15072328535763,196.90046626910737,0.07153963107787296
2025-03-02,41650.731198261376,1787.6517599999427,61.528772104567246,196.92582537438483,0.0725971353991728
2025-03-03,42644.44065498014,1826.9556265625058,60.152383971867486,201.2422532959371,0.07515524549219531
2025-03-04,42767.095897220664,1840.8210919166174,59.74829739084582,208.17260829088525,0.07237691917671428
2025-03-05,41990.08606145451,1811.5094295791368,60.783711932334036,199.66884714584896,0.06794645091444462
2025-03-06,39391.39464343347,1713.9119313583647,54.43449599396511,190.3940370027613,0.06657071671253209
2025-03-07,38609.91245978005,1693.1251227266384,52.76082951231419,190.97642943352514,0.0668826737161772
2025-03-08,37784.09145482599,1654.1652522512068,53.786326799266426,190.19646064347356,0.06232255644522736
2025-03-09,38574.356361632206,1640.250953361791,57.65662597968387,196.09209895155152,0.06390498999438526
2025-03-10,38769.55476759968,1638.7373218154228,59.44709248497533,195.08983397798713,0.06482789760194237
2025-03-11,39850.23630571958,1655.4836043831083,59.268868427676416,192.64042318055775,0.06286951060286664
2025-03-12,37630.555753175475,1602.169324236958,60.595265344629226,193.01984009576992,0.05699843558730845
2025-03-13,38501.23577970985,1691.4122718473066,61.48839102156661,197.3348357083087,0.053431350919426725
2025-03-14,38829.36900717179,1660.2038201286975,61.955419331105404,190.89098117268716,0.05476706678202273
2025-03-15,40103.42527983523,1675.204746497645,60.645196837621846,184.88158699664066,0.054959196602670186
2025-03-16,39381.89242137203,1587.5413586744814,59.89101263774796,179.86851664558992,0.05161771023471477
2025-03-17,38706.1742500413,1604.371081685654,60.811395746106804,178.5878788044905,0.05268327906604324
2025-03-18,37324.4934610591,1554.9395278518195,58.9700374862891,173.07014180432208,0.05235646749721262
2025-03-19,36424.78716378696,1540.59374359662,59.065287230434265,160.80414130125908,0.054433245685782616
2025-03-20,33103.75997860673,1395.5822930957472,55.6796668099754,150.6069514482166,0.04803970577751158
2025-03-21,31989.482308214574,1388.1403265888566,50.087841603292105,151.5398059720419,0.046610790222881976
2025-03-22,30817.079499137646,1324.3058374397633,46.02965224765475,150.33059658634497,0.046476114183751985
2025-03-23,29200.55309380252,1250.6797632459964,41.930128042371315,149.17732499385852,0.04206585106609012
2025-03-24,30712.776883639563,1305.7610653112727,42.003036185008135,151.27697679229297,0.041880891526731016
2025-03-25,29510.86192313559,1263.4927301809505,38.37355365024814,140.8604743968304,0.039982649450562124
2025-03-26,27889.450573269434,1180.4919344861075,34.702522789599634,133.04155616167066,0.04153177525891838
2025-03-27,27941.966115008294,1189.163207564416,32.358561201914384,131.2053304399639,0.04169517929993504
2025-03-28,27060.186993133982,1181.6653631637228,30.019040939485972,128.307341492288,0.03976368588249818
2025-03-29,27203.17471409626,1168.522331511091,29.671359538009504,127.6123755723018,0.03852424201821582
2025-03-30,27623.803787502464,1190.8525456153648,30.055835015616235,127.73588448203753,0.04024357090726666
2025-03-31,27422.9696069169,1174.1893069518253,29.872112824119736,131.6688770173548,0.03775166993906516
2025-04-01,28097.152844929773,1145.3091544160163,30.400315296488863,136.89604677752294,0.03878619903241836
2025-04-02,28251.212947826134,1134.966164568933,30.44891498981478,136.2294827029639,0.03756009367156525
2025-04-03,27998.258505677688,1131.1861666579125,29.26424154816294,133.18760368957052,0.03519166846362037
2025-04-04,28347.044962238968,1158.4021167321218,30.020353499465052,137.35539755078395,0.035676921975965656
2025-04-05,28701.335471699786,1179.3923074743298,30.332643120333902,136.99957375543522,0.03947153543757958
2025-04-06,28299.93550177738,1145.9847026527573,30.265390793072765,136.20525080011964,0.03678973070776617
2025-04-07,29318.752077308283,1178.9854953619322,29.91123361349617,142.3962990582666,0.03841747560971571
2025-04-08,28180.307297119572,1188.6244579391994,29.936270935050512,140.3670139649652,0.04035038260473519
2025-04-09,28324.74534764835,1192.814348055945,29.25637621892028,142.4022236003978,0.04113287031086881
2025-04-10,28340.91277417906,1170.4585834927889,29.22565652711037,141.703428524559,0.038776247099457914
2025-04-11,27063.693952076756,1139.362521310532,25.171329358955518,138.38810985229358,0.03652391891784384
2025-04-12,28201.883497170315,1166.8198755848584,26.82680265632762,140.40107045858838,0.03772460449702733
2025-04-13,28865.266683840724,1177.2038676310713,28.481556143054096,139.2295276920078,0.038861553587173935
2025-04-14,29717.155897493143,1226.6829963942162,31.86971052768986,140.15864784291915,0.037802906220636034
2025-04-15,28806.659145802478,1212.6612746638887,31.674958562212808,138.40734622944933,0.035464591117565614
2025-04-16,29512.088852163262,1202.0543264046344,33.68225504931362,148.53612589185343,0.036455954899797485
2025-04-17,30060.809844706473,1206.7529353464233,31.700933618385786,147.55772910339795,0.03492716468192916
2025-04-18,28728.455294642336,1208.9267432130978,31.036045451477666,146.05702025017249,0.03369446174294031
2025-04-19,28576.03994937911,1231.4350502711811,31.04446937840948,147.92967420233796,0.0333956124729708
2025-04-20,28273.719432903163,1178.8076474791126,27.98350338690257,144.80527513587566,0.032747799659357944
2025-04-21,27157.434692701732,1136.7204791972717,26.911626777075327,135.00712954325397,0.03070323136058308
2025-04-22,27510.031926851945,1160.1404679596747,26.059191685705958,136.55990032590472,0.03219436983990146
2025-04-23,28192.74397858539,1182.235982176524,26.15852658542395,136.57181217765265,0.03328578681253919
2025-04-24,28369.129183386416,1206.6457408356437,26.57851272320724,139.93430795402247,0.03361772076122382
2025-04-25,29080.115752965074,1259.0200008055842,26.521438704341797,137.0875095600494,0.03649722833015613
2025-04-26,29318.675480056398,1216.1110957878548,25.597428317538714,138.7337352562282,0.03584307125613054
2025-04-27,28854.119660389566,1240.3069896295171,24.381621438070827,135.8465358126929,0.035837398814678935
2025-04-28,29213.320150047504,1268.6321243936043,25.710169180528762,137.91406282256045,0.037056981534572375
2025-04-29,28979.64781672998,1261.318557832849,25.612004773413304,137.93704924872358,0.03804728574550048
2025-04-30,29492.558139249777,1281.8526664039591,25.203230726317408,139.46621667281312,0.03830389216993071
2025-05-01,29675.28384917711,1359.2210446862334,25.238241673138035,142.67486750984676,0.04047685654615624
2025-05-02,29770.021211259653,1442.0765534921115,25.3756753471122,145.51355414806085,0.03954245028584469
2025-05-03,29446.40081533317,1436.5998552499855,26.021365017890464,145.876757745772,0.04150071822481388
2025-05-04,29361.927476791705,1421.1143879580993,28.901408487815896,147.10461847459246,0.04051907705124117
2025-05-05,28731.80750973744,1362.5246525714044,29.152341824407486,143.58890279209058,0.040096994114818256
2025-05-06,28677.70111545033,1384.2295136419673,28.244790092679274,140.52517035139323,0.040415608642660805
2025-05-07,29227.289161256806,1418.413063250892,27.897216368928767,144.266197740131,0.03956357592542313
2025-05-08,28755.62136898934,1366.362720699302,28.71954569708176,144.37193092626993,0.0401106235821647
2025-05-09,29907.583610957994,1513.4796804751297,28.44919313689612,147.17695959693967,0.04036435868567947
2025-05-10,29122.21570201869,1440.1365560396607,27.111223123568056,140.3533141157902,0.03996468745799259
2025-05-11,29172.734015052305,1458.8350121841431,27.817149121522768,142.73007429930578,0.03950314950561182
2025-05-12,31185.6959792782,1554.9291906429605,27.575738787850824,145.2005032966142,0.03818800110843406
2025-05-13,31206.097802385244,1550.8084007467307,27.022037957985567,151.41955750126326,0.0388986107433474
2025-05-14,31929.37850678853,1546.4884203696683,26.321899217874343,152.7201643477595,0.03943322667719289
2025-05-15,30124.471811140247,1462.9106364970048,24.79524841936673,146.70490275910848,0.03659724899060861
2025-05-16,29621.578827785022,1434.9607565748747,24.420893068314527,147.00180830018334,0.03778098362411509
2025-05-17,29352.231698708285,1407.5011964315056,24.53200390909953,147.85791871392038,0.03681366407138753
2025-05-18,30093.24780291031,1472.7004980644879,26.71068478437636,156.85311956498478,0.03637120088844164
2025-05-19,30109.685260839407,1473.4033657874415,26.60113612353294,154.72955408500445,0.03417681861428069
2025-05-20,30200.76082225456,1449.6507552305309,26.59484757530747,151.8440618998354,0.032603658088987096
2025-05-21,30427.139227488387,1464.0998424689178,27.45331740972,160.00871401685893,0.033160327590199504
2025-05-22,30897.60710767121,1445.2436203637612,26.1977742973106,165.85262895930273,0.03185671311483165
2025-05-23,29904.315826800932,1402.7925593503223,25.235913971143138,159.50044286908815,0.03074590207569596
2025-05-24,31084.878549954105,1422.6717955545978,24.596136463737757,165.57323391478613,0.03187007741726235
2025-05-25,30488.312464729086,1345.7658559241193,23.08908919193696,162.05760296657527,0.032664255371298204
2025-05-26,29515.002492324937,1305.0636723724347,22.949492155057527,151.15414919156933,0.03347023443555853
2025-05-27,28442.170118353617,1273.3180890170463,22.38359601712738,151.5918048010685,0.03342486294294971
2025-05-28,26398.908203050458,1170.1146046609128,20.749837231330275,143.86624414882755,0.032302984629181304
2025-05-29,27064.492873772248,1213.3206766353987,21.173071260200217,140.76078878630548,0.032310535556515266
2025-05-30,27423.723356724502,1195.0615981216636,21.813566172966166,143.97489071089126,0.03264178343669219
2025-05-31,24910.731716159535,1064.870743570496,21.18206523902036,133.85851985342512,0.028201072098376256
2025-06-01,25898.93308634207,1101.7979107038293,23.032027070694504,137.99855764787628,0.029606740323119884
2025-06-02,26198.753329281448,1131.6131368203964,25.709214617078096,142.73321597450956,0.02822986017919281
2025-06-03,26571.760464199557,1177.5121566912412,27.62611862039337,143.64599001034023,0.030194917893586613
2025-06-04,27360.346527822006,1285.3930420320266,28.129332572016388,146.28583112368247,0.03065050067649236
2025-06-05,26945.295205042243,1240.9109405025422,24.536748546657677,142.49460117576174,0.03033467185016472
2025-06-06,26534.040329705545,1282.7647972484776,24.531177226994643,146.502777827312,0.030555594818219907
2025-06-07,27234.69521407717,1320.9042199326218,26.67666211583158,149.42323397809727,0.03192796897919043
2025-06-08,27552.854838043,1324.7431809205275,27.359463993513373,157.63636914825264,0.03174470750399399
2025-06-09,27921.28275353244,1381.3336298005993,29.325958318841984,160.1286172910225,0.0292717348981286
2025-06-10,28381.175382363595,1327.478865025934,31.0928178128114,160.8109292901788,0.03069644913484337
2025-06-11,27591.409733867957,1246.9354052792346,30.15887748184384,156.86033820031753,0.029308082485882653
2025-06-12,27667.899992335493,1336.3014615373804,31.968481665198762,163.02026121621557,0.030838177898288837
2025-06-13,28986.94736872937,1385.1057760093925,30.710858216702736,166.33917835562684,0.03259909438842858
2025-06-14,28120.482442498967,1342.6890322378695,28.896363122569035,168.3620100979833,0.03276682887919032
2025-06-15,28704.954233386627,1387.4463006777294,29.575971293649737,171.65845941777908,0.031674397806206525
2025-06-16,26802.982162855762,1311.0667066297212,27.999965534569498,169.26595017561246,0.03228995271559755
2025-06-17,28160.75187470581,1335.9186865761687,28.74673870485096,175.16717937489844,0.036834130147176326
2025-06-18,29503.885895218824,1429.3822153484375,29.883826543688482,177.61679152488952,0.03940755367674287
2025-06-19,28504.581330409925,1378.5605504339533,28.66111955197686,179.76000750200058,0.03779836498326267
2025-06-20,26405.404760955793,1304.8093749729276,25.882876147896404,172.16858415035162,0.035714926668819084
2025-06-21,26182.271224109838,1319.8411055777487,24.230373090780347,169.7434577304415,0.036426413495464466
2025-06-22,25684.982952705534,1247.9087578758592,24.10641513065553,170.65801773354076,0.035664857815693826
2025-06-23,24153.63483572895,1202.6369433094317,21.277009930812817,165.82120930072423,0.03282434353726765
2025-06-24,23292.215613262397,1152.29635939473,20.278577732296363,159.6680815670258,0.03272284091832571
2025-06-25,22970.707032289836,1165.4131052509185,20.374245594144107,156.81265106001013,0.031429240463530676
2025-06-26,21814.808920150976,1121.5039784179733,19.099245546390403,144.70615251775558,0.029707977070996903
2025-06-27,21208.48358034034,1136.4605836524793,17.517503086460728,138.75885506676548,0.030542649921611834
2025-06-28,22134.126371082082,1158.3187003309383,17.6956919823179,143.56633733100296,0.028328376064906444
2025-06-29,20879.72491355793,1092.9088271734365,17.739181508131903,137.45058977975432,0.027466681636385035
2025-06-30,21638.95847149331,1186.349602517635,18.242121271318723,141.69970767780728,0.030543768165970146
2025-07-01,20631.09866050628,1166.2302928748538,16.803453007718804,138.5395490006026,0.029266263269741126
2025-07-02,20021.814392738677,1108.9872636691305,16.35414152927258,138.37253238741303,0.028384039502564167
2025-07-03,20068.148814438304,1126.4129030497022,15.810083916466398,140.97443537936886,0.029333563854680365
2025-07-04,21780.422776881944,1198.7654787928623,16.77686627995655,150.09159208675712,0.0319163736168455
2025-07-05,21419.815951078475,1169.5739290085057,16.804624311921582,145.81228455865235,0.031026082869983578
2025-07-06,21482.523873425696,1200.8862979089274,16.558269419938664,141.01898854185947,0.028776849017976818
2025-07-07,20651.685428499735,1123.500182620478,15.642339878786983,133.4056977849259,0.02703809003817857
2025-07-08,20157.894932303196,1087.9808557795138,16.054074870298283,133.2864808240512,0.026666502410653655
2025-07-09,19870.31436846215,1062.8747281064682,15.973476140706618,133.56591649880303,0.025378817641827423
2025-07-10,19895.27289908466,1012.6448944799919,15.864771555779932,134.53375548897267,0.024863182993837708
2025-07-11,21065.582992725198,1041.7985092285833,16.819089216045256,138.51782794843564,0.025632118569802874
2025-07-12,20992.38646135095,1041.0445707478916,17.35770537399306,142.56122832346284,0.025616553201312346
2025-07-13,21539.205103340435,1046.4923785476071,18.26490320504737,142.0716852721135,0.027264600886702916
2025-07-14,23090.25104994376,1108.5524696760747,17.86212693711487,145.86424495032438,0.029789448820779375
2025-07-15,23497.398251047165,1132.137913106927,18.970688909696346,149.27946022081503,0.031831426964889956
2025-07-16,24188.424497583743,1204.5107495198797,20.044656144602026,156.0523687354664,0.03225918717792537
2025-07-17,23738.415488720937,1234.579807526416,20.10296450662154,158.33201652332062,0.032239489856420826
2025-07-18,23307.715713757236,1214.9482158349865,20.925716359862356,158.7597482938963,0.02978287257320644
2025-07-19,23153.227680158696,1260.8702541471168,20.882868274033914,153.46854145283322,0.03232541120846784
2025-07-20,23657.3682029491,1282.3307308057408,20.987577464054596,158.93415242505202,0.031954014547961734
2025-07-21,24528.745126842638,1340.704282960989,22.059453819598414,163.3724809601552,0.032582733222151807
2025-07-22,25350.388935213858,1350.9113585011637,21.16686393854622,167.73734368058211,0.03380726547411754
2025-07-23,25738.446428743522,1382.2042607291173,21.2628727964648,172.38627903917225,0.03405790416623983
2025-07-24,25350.473785832364,1353.314849553992,22.684480996742657,164.7948894537673,0.03466174299693879
2025-07-25,24050.933594361937,1288.6747689298709,21.108126662367617,152.60043715363878,0.03394829057271415
2025-07-26,23768.19025829506,1211.814663451042,21.221837247743586,154.7837135778945,0.03554648594709268
2025-07-27,24040.283808381602,1224.9758433036545,22.661752493416035,161.81381204613365,0.03767304800834467
2025-07-28,23342.391985960585,1199.3135890820336,22.42491026683832,153.21536647371914,0.037778165561252686
2025-07-29,25072.333642635374,1296.335360382213,25.7029010112816,161.29779056684345,0.03982693994701675
2025-07-30,25377.135106250164,1284.1140722254588,24.82594585732384,166.02383306230723,0.042119825848228834
2025-07-31,24602.105769402056,1279.0465567394842,24.149046400362746,164.91749447948177,0.042162770874653456
2025-08-01,25385.28405075424,1316.880936271394,26.40384690108925,169.49294068249972,0.04440960464857018
2025-08-02,24732.304228659283,1355.9534934867781,26.659332925055168,171.32319811143813,0.04121890839541329
2025-08-03,24104.11388309804,1365.7710013690064,26.53041789884966,163.01466485167202,0.042605619731492475
2025-08-04,23698.562204026523,1392.082856548446,26.26318239287774,163.1742317429928,0.044455593111221006
2025-08-05,23042.44180580949,1325.64429738993,25.114426497228013,162.47418017940316,0.04099190298479251
2025-08-06,21868.823708239528,1291.553948253634,23.38696269430237,156.68380989308358,0.036651640622970716
2025-08-07,21409.78361205745,1267.2211648519879,23.77058761641733,152.35863461944228,0.03884092777569484
2025-08-08,20956.708392205852,1222.9699559482901,24.634725554318848,150.88408564414087,0.03748699308945445
2025-08-09,20857.14072197861,1258.137868455505,26.3028966425074,149.1104589971406,0.03773317169672556
2025-08-10,20918.5719355233,1231.2510341121963,26.09682016576767,148.64862052567963,0.03942812018533093
2025-08-11,21729.41062938099,1262.449738621518,26.78193655402008,153.9202316823106,0.03933232513405392
2025-08-12,22137.27326060127,1280.0783332171889,26.181543453064155,152.2358683188166,0.04211811919059906
2025-08-13,22031.205168915512,1326.0419536763297,25.82646941676791,153.86652905568295,0.046572357994404366
2025-08-14,21313.949471205327,1229.9462104927095,25.931930289472536,147.08652990822117,0.045338666632527405
2025-08-15,20927.63084159581,1217.9758661635044,24.520461247659394,144.94326543120084,0.0454777008952875
2025-08-16,20277.53342144417,1164.553494813854,23.275808918195526,137.44091280596223,0.043555846783686646
2025-08-17,20355.557924047604,1156.8966861927897,23.01674660246872,137.3720178791213,0.042333953459194634
2025-08-18,20804.445733158685,1220.6140315149376,23.32652030460293,141.51362047739474,0.04267486477740287
2025-08-19,21046.92732718578,1280.391532367174,24.38023863114449,138.35046282482915,0.0442467382393512
2025-08-20,21880.214717120714,1317.1841979378103,26.339641429145086,139.53746640697696,0.04280686420198105
2025-08-21,21979.844062632696,1266.9716221664025,25.81993420474817,142.51685717963736,0.03923496753421048
2025-08-22,21116.448563649443,1192.7719851998622,24.52248275721595,137.3589012072651,0.040258043428707466
2025-08-23,21761.309586177234,1239.0315277339296,25.504805297413615,141.37698290237373,0.039697368103382265
2025-08-24,22357.55413903368,1234.6131142710765,26.862608351917256,146.6896032959514,0.0406427086015081
2025-08-25,22236.604846741888,1240.4059889240734,23.80992490402794,146.90945550818205,0.03987696176217407
2025-08-26,22203.70993419642,1259.8493211024206,23.81763828986758,143.73361288315982,0.03971544775182015
2025-08-27,22253.30612582349,1265.4855233190235,24.035041388727656,147.24704452759644,0.03799501892827479
2025-08-28,22378.890493657545,1311.7567367740605,22.721455837403685,148.91215414508727,0.037141530663942476
2025-08-29,22122.28328294982,1270.0728447772424,22.12996700675688,153.08056879204764,0.034718123229896265
2025-08-30,21326.765318669743,1191.4885007891858,22.6537498839773,147.6772698259531,0.03384990701577289
2025-08-31,21060.99785311194,1151.5040353901136,21.975544391127656,153.6831867229176,0.03528586381007947
2025-09-01,20506.575535973203,1142.4170207307782,20.769248033784567,145.94721913338165,0.036161922753708546
2025-09-02,21269.80374889859,1209.4892156065077,21.290505225446836,149.29608270892297,0.03831793144469919
2025-09-03,21535.29237267468,1210.748200844319,20.09082701724548,150.16220370730014,0.040048448741582206
2025-09-04,20742.64866063241,1189.6168122305996,19.702339439395143,149.7270746377183,0.040598912114664924
2025-09-05,20297.373800963705,1122.0783502735346,18.607988641931605,149.3291873477679,0.038691611038219775
2025-09-06,19861.92067305453,1053.1569046920295,19.275717634683023,149.01127287358676,0.039263234283182846
2025-09-07,20477.07137514341,1096.565974041762,19.749977230702118,151.58675285309053,0.03940511824402765
2025-09-08,22245.96313835676,1194.6817830848481,21.12849846297959,161.17720986444667,0.03992910184743235
2025-09-09,23324.86217222734,1225.1022787837223,22.480375093908627,169.14159267816552,0.041778705295191544
2025-09-10,23396.730677438078,1228.3896090396274,22.483270546124732,167.3700730303603,0.04106319812092462
2025-09-11,24512.25181989263,1275.775692558836,22.770494559725503,169.92928967059166,0.044180490204654206
2025-09-12,25040.64679378872,1317.2171692796737,23.102147881010783,174.6257993989984,0.04364134606199281
2025-09-13,24840.035188821024,1338.717647441008,23.921886293458357,171.18260897098838,0.042206277367474815
2025-09-14,24927.71162133757,1399.8341856708735,22.47711491178936,173.5960459900097,0.03991125135764848
2025-09-15,24438.70752195024,1363.305919947622,21.58068240908364,169.21719329977165,0.03924453600599045
2025-09-16,24033.96177739725,1296.389819259777,21.64729716830042,169.18753355919287,0.039993473309505104
2025-09-17,22901.217052634307,1251.4595256043654,21.243515939422604,161.18247511749212,0.03887683109955145
2025-09-18,22820.248637693694,1304.189408928741,23.23150551766941,157.01947824611835,0.04372953313335969
2025-09-19,22176.091892907163,1302.1541482284665,23.661051509948983,152.02850943069015,0.0441366679592893
2025-09-20,22103.748549967655,1315.6370023352529,23.89626486154179,156.1037424641857,0.0442457878086713
2025-09-21,21989.930468281083,1344.5948094720368,24.54201151170078,159.02300321139006,0.043133025518128566
2025-09-22,21282.12032669659,1288.4402676114453,23.033192381911817,158.01036525198882,0.04365635546331849
2025-09-23,21181.008478159947,1327.9939549392068,24.509375444493255,159.75811946577602,0.0425029748915842
2025-09-24,22257.742647766714,1384.450950360971,25.858344204830487,163.32919600994262,0.04233329799500173
2025-09-25,21256.787594953134,1350.0007925390987,24.015574148651464,169.95263656661325,0.039084621986571616
2025-09-26,20435.98271398165,1320.1398495278386,24.668632719696006,166.96460526714452,0.039264210000068425
2025-09-27,19288.5062110531,1234.2703185386806,22.143068668327466,154.20432276238358,0.037693861706454584
2025-09-28,17978.597030718483,1123.6994015505077,19.964039584261158,144.23779699516427,0.036243784611455825
2025-09-29,18153.95538589419,1157.7825255970765,20.924847462793,149.4231447025098,0.036667299578446846
2025-09-30,18329.80757067493,1181.8300659022718,21.321964883242646,149.40870924049315,0.03648074201882858
2025-10-01,17867.12398677588,1167.2348559220331,20.757960849154685,145.36010875642802,0.03492018094303851
2025-10-02,17202.57127531371,1155.9472368048764,20.19212520315818,140.20253003822927,0.035359841695147005
2025-10-03,16904.287966464188,1099.9389654450895,20.449339508319635,136.39584630863365,0.03426127681469727
2025-10-04,16928.019050859366,1131.9012314491392,20.66635130186655,133.81052330659762,0.03526174305995652
2025-10-05,16673.963929171434,1168.997833355389,20.646930982809597,127.61470056941664,0.035755429612708146
2025-10-06,17725.937917810956,1280.944937289611,23.94581328900616,130.80547594778977,0.039255636082712146
2025-10-07,17330.43184221145,1262.400851490352,22.241237367935838,127.22779083805749,0.03742277827898885
2025-10-08,17828.40783627106,1319.0801853794783,23.272769087424756,126.25634275980354,0.037834535039612115
2025-10-09,17417.415684421012,1319.601714318746,24.012570061244187,128.06951807995333,0.03633619662281793
2025-10-10,15983.292624791757,1172.3943252293225,23.021122296682083,119.80915699039706,0.0331384356420007
2025-10-11,16831.32976080531,1264.492548178727,24.49367552963382,123.5461988553176,0.034299686335131835
2025-10-12,16953.694116207505,1322.484444858951,25.405858526916397,127.06280504467267,0.036453068013905084
2025-10-13,16344.00489549503,1304.0640845960975,24.324983194997802,118.22162910658031,0.03265301737702557
2025-10-14,15831.415983362853,1284.2874172428083,23.755401409854475,116.76630934572991,0.03472377714404319
2025-10-15,15214.510283964148,1239.2257961369314,23.09582776584612,112.28046562363282,0.033869552621596834
2025-10-16,14470.499794440371,1226.9254630767614,21.583556880877715,114.47350821406005,0.03273418257716153
2025-10-17,14946.963052834652,1260.2274336117716,22.24082411241344,115.22037051192974,0.03359691547769574
2025-10-18,15098.639122231689,1247.1316710582796,22.19719108134709,113.95577188481849,0.037061843745225274
2025-10-19,15057.800620197615,1291.301836210636,22.214143776509285,115.23427508254464,0.03518904415294699
2025-10-20,14849.485975559473,1281.8311437109935,23.405416458585144,115.16276922709922,0.03715332686689726
2025-10-21,15152.980054832255,1356.8400297277603,24.11749827087615,123.6065201719996,0.0370674315620184
2025-10-22,14794.207771209018,1289.9361909132183,25.649868236790805,123.61889939134112,0.036049887538279084
2025-10-23,15387.745224086344,1357.172698801988,29.062529977055302,123.15747827897663,0.0370219318310163
2025-10-24,15167.505319909911,1277.2171942991306,29.43848057541296,120.38781353642986,0.03761005094487502
2025-10-25,16336.054303145987,1350.9265698852878,31.05303952800652,125.85606388481827,0.04102755006282571
2025-10-26,16049.6381687072,1309.634665513379,31.682800790053182,125.31482164882853,0.03723747770514618
2025-10-27,15445.410920361472,1312.9531570475463,31.34623689085785,121.45306575545833,0.036316329811882264
2025-10-28,15453.526410395996,1336.821761162137,29.811029084420934,119.55401918294149,0.03665887938108758
2025-10-29,15406.838426166882,1351.5233932908359,28.363671098081813,120.39205962448015,0.03815203396521364
2025-10-30,15645.91408327254,1374.1059794198309,28.701613069560786,119.4204448639026,0.038434553518712465
2025-10-31,16279.082503837331,1418.1553957209608,28.74265040799428,120.78846078094156,0.0396279938705061
2025-11-01,16091.001795745933,1420.027325579531,29.11892781878967,122.60935593089336,0.04182886750929942
2025-11-02,16604.025847767614,1426.4984827422581,28.717745567493328,124.00381714663507,0.04157151604689038
2025-11-03,16022.678573629722,1367.6028509813375,27.062686338027863,119.3366847049509,0.039884449080631657
2025-11-04,16628.60625401399,1419.200138811441,31.117762377322087,122.94136132911161,0.04079456260053215
2025-11-05,16632.587353115225,1427.9573088705658,31.729058928669005,128.73903528840117,0.03940299377835155
2025-11-06,17089.29371795622,1469.1853589608895,30.58930372336211,132.86140368912402,0.04201948796998381
2025-11-07,16637.210114799967,1434.416975695664,27.71881669763437,127.00897991073691,0.0428158281324951
2025-11-08,16397.08107207412,1378.3562852896364,27.317337322371444,123.87414187128742,0.041386530263292066
2025-11-09,16784.096150309164,1367.3514971520897,26.67472126963437,125.15474836889348,0.043349683198253504
2025-11-10,17451.51270183117,1391.808852020208,28.653626155885195,125.70616841902948,0.04804305544560534
2025-11-11,16842.902460001533,1393.0086539790202,27.182930348243676,129.18693912142842,0.04811570188399433
2025-11-12,16315.74343652546,1337.3787732210155,27.060281233330237,129.42157330108455,0.04690968493960311
2025-11-13,16340.433163480786,1363.6149979523684,27.392997830097773,126.50143427854846,0.04557620394838677
2025-11-14,16463.34231911413,1413.2319872831656,29.759116916862816,130.219853420517,0.04683676049753877
2025-11-15,16856.943462093313,1419.2375538582635,30.09841699545764,129.3127492354189,0.045005273576793126
2025-11-16,17036.319184774547,1438.5036581236086,31.314741834192915,131.87683177623725,0.04588914987716306
2025-11-17,17338.64569805431,1458.9057024191954,32.38214154943939,131.2539841143601,0.04720923326057691
2025-11-18,17708.4053073619,1461.7683015237762,32.94462499466203,130.73221998826716,0.04669835282163893
2025-11-19,17095.5824843147,1461.161823273613,33.5398204006671,130.46091335597046,0.049927040390101055
2025-11-20,16996.141393416176,1564.1268407797265,33.8122471981796,132.62422925645663,0.04947918482677967
2025-11-21,17197.92912366644,1612.2522086885547,34.255316995300035,139.24704998368313,0.05042335236632421
2025-11-22,17346.543716650838,1588.6068561243517,34.87425563668827,139.0077758784732,0.049290591843062274
2025-11-23,16930.51050135423,1658.7957066389968,34.36605910263878,134.52305547951474,0.04762476855298305
2025-11-24,16904.96605100936,1678.2391353510602,35.233102901438535,136.80312739597895,0.0464634165367545
2025-11-25,17088.550832697983,1658.130998816529,34.4553073715112,134.33117271652452,0.04425356420163005
2025-11-26,17671.27162020015,1735.7604401099406,37.26637359395678,137.77946363763698,0.04703487010600262
2025-11-27,16722.176575878195,1688.4054067784252,35.740612311131244,135.70584876314334,0.04618209098370861
2025-11-28,16213.536331545185,1584.3553826014697,33.23329258004301,133.72838231702556,0.04604656577011382
2025-11-29,15533.441805707895,1489.7852936728248,30.64549742811195,128.62381042642497,0.04193685442118078
2025-11-30,14856.606817840058,1404.1880351465525,29.202841747646037,121.66041093663756,0.04036498971951601
2025-12-01,15360.489119737667,1400.48899411942,29.610148005190492,125.99181874050879,0.04023529099307727
2025-12-02,15087.880619747624,1417.7572730698457,28.96576040290793,128.29091467630275,0.04055755547524328
2025-12-03,14927.933913101004,1420.632371361961,29.128503835536357,130.62918522568177,0.03942455426478663
2025-12-04,14948.90272108023,1419.870301677177,29.99035676715367,127.98238907961237,0.041267381404466355
2025-12-05,15171.106757848185,1392.758823976781,31.63234018896197,134.72535959954942,0.04329329057067288
2025-12-06,15868.204888287164,1451.1997390232152,30.899744291173693,132.822709537521,0.04484905224426562
2025-12-07,15577.625960765246,1396.2365954262623,30.01617133938395,132.48644113998967,0.04145580550656561
2025-12-08,15361.249060081964,1430.2637332886025,28.63899974543434,134.64373604320122,0.04028177249682008
2025-12-09,15628.536767250811,1490.7399973604772,30.279539617809526,139.5604691509623,0.03908659065107847
2025-12-10,16186.58932693338,1505.361020124627,31.461636724652426,142.73382971666135,0.04068169538043524
2025-12-11,16360.582574523392,1488.3446549464393,29.86135984869721,145.47785170277214,0.04085662745024403
2025-12-12,16963.792323517377,1534.166057997661,29.19290827078298,151.42762271549103,0.04092282529465764
2025-12-13,17148.857715157887,1524.2705154320063,31.39199309697303,149.41712726867996,0.04078572324817311
2025-12-14,17208.709607604236,1488.5784941829386,31.635263975297452,154.18087162471707,0.039826688135255695
2025-12-15,17425.50346509725,1407.5769903486214,31.27193788706507,152.22239120080874,0.038315255133684646
2025-12-16,18029.473966763835,1438.3594887305574,32.01493005554299,153.81131541694722,0.03609898570711424
2025-12-17,17401.682960668633,1426.9087619944657,28.52824925968797,148.45543000210014,0.034513439440598224
2025-12-18,18383.172650244454,1524.8158223467178,29.61328422599691,158.1808358764288,0.03470385563108196
2025-12-19,18977.167082250293,1516.633620929035,31.585237363022546,158.9625046558929,0.03388854856077993
2025-12-20,18850.25842466883,1517.5078534908016,30.787803159515907,160.31314192719952,0.032858694510680006
2025-12-21,19223.226808052124,1559.9538098573662,31.405822626412704,161.0038266635757,0.0335458788756594
2025-12-22,19560.453020261815,1664.5692743643226,33.73769628228395,167.96761333731018,0.03903530979338935
2025-12-23,19882.169290441525,1707.9810451850474,35.410231432110734,166.53476979016585,0.03893143615792153
2025-12-24,19570.756511797437,1710.7285732262762,34.75990242985848,165.9395090784269,0.04035059299214379
2025-12-25,20110.732969622855,1744.6276441968373,34.67919144590144,172.483642446457,0.04222651820095535
2025-12-26,19123.50191700048,1656.3796334706426,33.0962397459355,169.94828969835854,0.04229674924843872
2025-12-27,19296.88774391028,1692.8969928538254,33.615985158816095,168.91683581538982,0.04219900878666221
2025-12-28,19310.516456725545,1692.0564141247446,31.099364761370822,167.12784353180803,0.0419731001524357
2025-12-29,19142.72759773394,1668.7132152269226,31.370274763777548,162.37837733855477,0.03902109289624407
2025-12-30,18936.628241775357,1683.4164124906724,33.4402910886552,164.9958336541248,0.036751920567987956
2025-12-31,18800.999691436045,1682.837455232494,33.488243951498696,166.42213987607968,0.0352218194398554
2026-01-01,18841.44940431376,1702.8006487355606,34.81013350977877,164.29851706226245,0.03493840883411348
2026-01-02,17309.478058852437,1556.9596165869084,31.121836915332413,152.27418687594442,0.03305890479969497
2026-01-03,17280.985872337926,1471.4786204602963,30.76979182394786,147.53738244534145,0.03338173553576155
2026-01-04,16600.939781295743,1421.3283929993368,29.202886151475138,144.9421029002616,0.0325889665594489
2026-01-05,16470.243921501322,1359.5729404414858,26.916843144939286,141.13964815002083,0.031982198023721986
2026-01-06,16160.381356111944,1357.2084453852829,26.21976142626382,137.07587619444288,0.03125890134452293
2026-01-07,16277.201814962062,1376.2081576374994,28.583012656630494,136.24715124808307,0.03158132253895675
2026-01-08,16498.30526171348,1391.3799897041083,28.35552763529375,132.78363395358258,0.03114401511566376
2026-01-09,15953.00418333545,1295.3342988640838,26.157029624678927,126.07595476408231,0.030855909078779806
2026-01-10,16258.800012568327,1288.1449862603774,26.168059564139803,121.97586516002546,0.03047934114580954
2026-01-11,16465.612096674144,1328.408077633824,25.88529552608965,126.06756317694072,0.028835344512319668
2026-01-12,15834.662807078355,1305.6712317569838,26.795161684229047,125.15408790726316,0.028275572662854683
2026-01-13,14781.409456765798,1170.2323649980797,24.72944526075666,118.04943470843688,0.025543108499932413
2026-01-14,14813.485401505097,1175.4079303849155,25.76958331789788,118.74570204366957,0.02700976625840572
2026-01-15,14818.828774706475,1172.1758536754294,26.88838260885179,116.40513032019383,0.03048293590366747
2026-01-16,14996.146981581003,1195.0941556534533,27.868080978748424,122.31195772315724,0.031803889314944475
2026-01-17,14260.527522463763,1182.8813246134011,26.40518965643729,119.73266093093706,0.029261742556506085
2026-01-18,14499.738285202298,1181.1034331275441,26.80122893943711,119.82038820887938,0.03195961682575931
2026-01-19,15432.781822188166,1248.409451020775,28.591159221958243,123.40141976833866,0.03489914317792727
2026-01-20,15275.857699759996,1224.3897164769471,29.343464250370467,121.14558332633489,0.03465638000410279
2026-01-21,14537.354214452716,1192.2906489019233,30.392173460693865,120.13756145961864,0.035953060043505944
2026-01-22,14157.703213221612,1171.3710460628763,28.50553198570007,117.67487251183344,0.03634692183072611
2026-01-23,14204.604638743347,1134.9171508524666,26.77426485673827,113.50647830914625,0.0367633577534161
2026-01-24,15157.46693962317,1241.2462104574886,26.694990532201075,122.12117789233514,0.039801150081213654
2026-01-25,14441.009620462879,1180.7210191382044,26.522414208255057,120.02523686769885,0.03653718854709355
2026-01-26,14722.283961151174,1139.8859414869726,26.324256614539195,123.05145472709165,0.03659563472945431
2026-01-27,14494.981698112164,1148.6560763675386,27.148931264832637,126.05604684806752,0.037777111051897606
2026-01-28,14997.344243076064,1204.2926765861491,28.543070026277025,129.38413796442796,0.038403597876214106
2026-01-29,14438.637455162101,1137.9710432553677,26.93914512451516,126.49508439539144,0.03949041176270951
2026-01-30,14421.277192668895,1164.4389051120843,28.331853865809297,126.56563675213205,0.040772139562947646
2026-01-31,14312.970923487776,1194.121726637421,29.146767248795758,123.73393629373982,0.04118378472996446
2026-02-01,15074.965479929013,1243.7493491274117,31.201823749838898,129.05834301910878,0.04083398930166318
2026-02-02,15320.381211309701,1219.214897045572,30.543672171630575,132.3042008048,0.0414651472137147
2026-02-03,15176.245026809365,1221.9916038631823,30.26689730475972,131.86533158118627,0.04237901972919252
2026-02-04,14835.124806190272,1198.7670462600804,29.197628944998197,125.740750797016,0.04013525242289968
2026-02-05,15585.756649569581,1263.0546768026986,29.1179358968616,125.33595707865936,0.041169149713376596
2026-02-06,16370.759623346317,1312.232674071821,32.20257566389918,130.1160222456001,0.043537222346762015
2026-02-07,15699.949544463081,1293.7790154133868,30.665604130107642,129.7966962630073,0.04096609553326025
2026-02-08,15789.219539043914,1310.9936229538446,30.708853749437516,131.5543132615509,0.04065877190145564
2026-02-09,15472.325622711744,1338.6744803125503,31.797937100482212,129.05708437487277,0.041519450835145834
2026-02-10,15117.279400088584,1274.281563560233,32.09207772788496,122.1903626796555,0.04244902132588215
2026-02-11,14999.41432733318,1258.7672975891396,32.305718515719285,123.06314989464289,0.040769032520491084
2026-02-12,15343.028933581078,1287.1433031627214,31.3881670117933,124.14940839690246,0.04361953243791035
2026-02-13,16174.323380788243,1371.224926153389,31.66503065208136,129.71178823993867,0.04670077750680488
2026-02-14,16549.00158044681,1425.456204108498,33.067475926073065,131.84801672699788,0.046430616204150225
2026-02-15,15593.121232010093,1363.957215046663,31.45884152013994,129.01083722844197,0.04222472488488068
2026-02-16,15913.95646522944,1458.9669799313042,32.71450878788642,131.73716309636166,0.04373781602974627
2026-02-17,16964.66255558286,1504.6957426421366,34.858518563228095,133.89520871489313,0.04445823575435315
2026-02-18,16940.118614705894,1552.2447373280647,37.858477601831495,136.25454201674168,0.044244342608304635
2026-02-19,18321.584205806434,1644.8713072662688,39.831958812763325,137.08146732046214,0.04925917070109653
2026-02-20,18889.337190060833,1790.842919743794,39.506760694466,145.448258782467,0.0505952231183345
2026-02-21,19375.766007205515,1758.9659525867066,42.45785919574719,149.21952263166196,0.05123011310387935
2026-02-22,19774.49041490776,1757.203965505628,42.025872514093756,148.88080021066764,0.04778400261040562
2026-02-23,20319.199634870285,1851.7012909248017,42.32328307942448,153.18296788658415,0.04819887731691376
2026-02-24,20532.01570544343,1839.9499838454021,41.00737955867648,156.95877860477455,0.048024221623698016
2026-02-25,21880.59586720105,1946.922036377769,42.05344206511728,167.1676479185976,0.051193033986597435
2026-02-26,22388.278896800683,2043.9821474130445,42.25596039778748,169.84668861245927,0.05172100130575343
2026-02-27,21501.2417760417,1959.8430313507736,42.754369387893036,166.69736750785563,0.04772831892563135
2026-02-28,20478.150028786455,1954.7803622825995,41.07776862074709,160.98654817903005,0.04596394852311945
