Date,AAPL,MSFT,NVDA,AMZN,GOOGL
2023-03-21,157.0054473876953,267.4463195800781,26.175827026367188,100.61000061035156,104.05994415283203
2023-03-22,155.57615661621094,265.9908447265625,26.44459342956543,98.69999694824219,102.52265167236328
2023-03-23,156.6604461669922,271.2366027832031,27.166954040527344,98.70999908447266,104.73436737060547
2023-03-24,157.96157836914062,274.07928466796875,26.75531578063965,98.12999725341797,104.57568359375
2023-03-27,156.0197296142578,269.9862365722656,26.507532119750977,98.04000091552734,101.6201171875
2023-03-28,155.39871215820312,268.86285400390625,26.386640548706055,97.23999786376953,100.20183563232422
2023-03-29,158.4741668701172,274.02069091796875,26.960134506225586,100.25,100.55889129638672
2023-03-30,160.0414581298828,277.47869873046875,27.358781814575195,102.0,100.06298065185547
2023-03-31,162.54519653320312,281.63043212890625,27.7524356842041,103.29000091552734,102.87971496582031
2023-04-03,163.7970428466797,280.585205078125,27.940265655517578,102.41000366210938,103.5045394897461
2023-04-04,163.26475524902344,280.5363464355469,27.4287166595459,103.94999694824219,103.86158752441406
2023-04-05,161.4214630126953,277.7620849609375,26.85722541809082,101.0999984741211,103.61363220214844
2023-04-06,162.30859375,284.8541259765625,27.01308822631836,102.05999755859375,107.53125
2023-04-10,159.71617126464844,282.6952819824219,27.55460548400879,102.16999816894531,105.56748962402344
2023-04-11,158.50372314453125,276.2870178222656,27.144969940185547,99.91999816894531,104.4864273071289
2023-04-12,157.81373596191406,276.9317321777344,26.471569061279297,97.83000183105469,103.78223419189453
2023-04-13,163.19577026367188,283.13482666015625,26.439594268798828,102.4000015258789,106.54936981201172
2023-04-14,162.85076904296875,279.5203552246094,26.734331130981445,102.51000213623047,107.97756958007812
2023-04-17,162.87045288085938,282.11883544921875,26.97811508178711,102.73999786376953,105.1013412475586
2023-04-18,164.0927734375,281.6988220214844,27.642526626586914,102.30000305175781,103.64338684082031
2023-04-19,165.23622131347656,281.7769775390625,27.90629768371582,104.30000305175781,103.32601165771484
2023-04-20,164.27020263671875,279.4910888671875,27.08003044128418,103.80999755859375,104.42691802978516
2023-04-21,162.66348266601562,279.1492004394531,27.095012664794922,106.95999908447266,104.54594421386719
2023-04-24,162.96905517578125,275.25152587890625,27.018083572387695,106.20999908447266,105.1013412475586
2023-04-25,161.4313201904297,269.0484313964844,26.217788696289062,102.56999969482422,102.99871826171875
2023-04-26,161.4214630126953,288.5368347167969,26.93215560913086,104.9800033569336,102.85986328125
2023-04-27,166.0050506591797,297.778076171875,27.20191764831543,109.81999969482422,106.70806121826172
2023-04-28,167.25694274902344,300.1518249511719,27.724456787109375,105.44999694824219,106.46011352539062
2023-05-01,167.16822814941406,298.4911193847656,28.884428024291992,102.05000305175781,106.32124328613281
2023-05-02,166.13320922851562,298.3446350097656,28.185049057006836,103.62999725341797,104.45665740966797
2023-05-03,165.0587921142578,297.3580017089844,27.777408599853516,103.6500015258789,104.54594421386719
2023-05-04,163.42247009277344,298.3446350097656,27.537622451782227,104.0,103.83183288574219
2023-05-05,171.0913848876953,303.4634094238281,28.654634475708008,105.66000366210938,104.70462799072266
2023-05-08,171.02236938476562,301.5096435546875,29.125211715698242,105.83000183105469,106.88658905029297
2023-05-09,169.31707763671875,299.89776611328125,28.545726776123047,106.62000274658203,106.47003936767578
2023-05-10,171.08152770996094,305.0849914550781,28.859453201293945,110.19000244140625,110.83396911621094
2023-05-11,171.268798828125,302.9358215332031,28.552722930908203,112.18000030517578,115.61444091796875
2023-05-12,170.3409423828125,301.8222351074219,28.314931869506836,110.26000213623047,116.54674530029297
2023-05-15,169.847412109375,302.3008728027344,28.92738914489746,111.19999694824219,115.55494689941406
2023-05-16,169.847412109375,304.5281982421875,29.187162399291992,113.4000015258789,118.53035736083984
2023-05-17,170.4593963623047,307.4064636230469,30.151308059692383,115.5,119.84944152832031
2023-05-18,172.78892517089844,311.8315734863281,31.649986267089844,118.1500015258789,121.82313537597656
2023-05-19,172.8975067138672,311.6552734375,31.23634910583496,116.25,121.75370025634766
2023-05-22,171.94989013671875,314.4356689453125,31.14842414855957,115.01000213623047,124.02494049072266
2023-05-23,169.34400939941406,308.6399841308594,30.660856246948242,114.98999786376953,121.55534362792969
2023-05-24,169.62037658691406,307.25958251953125,30.510990142822266,116.75,119.9089584350586
2023-05-25,170.75552368164062,319.076171875,37.9464111328125,115.0,122.46781158447266
2023-05-26,173.1639862060547,325.8997802734375,38.91154861450195,120.11000061035156,123.58853912353516
2023-05-30,175.00987243652344,324.255126953125,40.075523376464844,121.66000366210938,122.65625
2023-05-31,174.96051025390625,321.4942932128906,37.800537109375,120.58000183105469,121.86280822753906
2023-06-01,177.76380920410156,325.59625244140625,39.73481750488281,122.7699966430664,122.70584106445312
2023-06-02,178.61268615722656,328.3570556640625,39.292213439941406,124.25,123.64804077148438
2023-06-05,177.26039123535156,328.8857116699219,39.136356353759766,125.30000305175781,124.97708129882812
2023-06-06,176.8952178955078,326.6731872558594,38.61981201171875,126.61000061035156,126.26641082763672
2023-06-07,175.52313232421875,316.5894470214844,37.44572830200195,121.2300033569336,121.49583435058594
2023-06-08,178.23764038085938,318.4300231933594,38.47991943359375,124.25,121.1387939453125
2023-06-09,178.62257385253906,319.9278564453125,38.73971939086914,123.43000030517578,121.2280502319336
2023-06-12,181.416015625,324.8816223144531,39.4511604309082,126.56999969482422,122.6264877319336
2023-06-13,180.9422149658203,327.2703857421875,40.98996353149414,126.66000366210938,122.8149185180664
2023-06-14,181.57398986816406,330.25634765625,42.96342468261719,126.41999816894531,122.65625
2023-06-15,183.6073455810547,340.7904052734375,42.619686126708984,127.11000061035156,124.0645980834961
2023-06-16,182.53143310546875,335.1415710449219,42.65864944458008,125.48999786376953,122.51738739013672
2023-06-20,182.62026977539062,330.951416015625,43.773780822753906,125.77999877929688,122.0909194946289
2023-06-21,181.58383178710938,326.5557556152344,43.011383056640625,124.83000183105469,119.56182098388672
2023-06-22,184.5845489501953,332.57647705078125,42.99138641357422,130.14999389648438,122.14051055908203
2023-06-23,184.26870727539062,327.985107421875,42.176029205322266,129.3300018310547,121.33714294433594
2023-06-26,182.8769073486328,321.6998596191406,40.60026931762695,127.33000183105469,117.36993408203125
2023-06-27,185.63084411621094,327.5445251464844,41.84328842163086,129.17999267578125,117.36003112792969
2023-06-28,186.8054962158203,328.7976379394531,41.08488082885742,129.0399932861328,119.19485473632812
2023-06-29,187.14108276367188,328.014404296875,40.79010772705078,127.9000015258789,118.12370300292969
2023-06-30,191.4645233154297,333.38916015625,42.268959045410156,130.36000061035156,118.71879577636719
2023-07-03,189.97402954101562,330.8926696777344,42.37986755371094,130.22000122070312,118.91715240478516
2023-07-05,188.858642578125,331.0492858886719,42.2839469909668,130.3800048828125,120.75198364257812
2023-07-06,189.33241271972656,334.103759765625,42.07012176513672,128.36000061035156,119.12543487548828
2023-07-07,188.2169952392578,330.13885498046875,42.46979904174805,129.77999877929688,118.5005874633789
2023-07-10,186.1737518310547,324.86199951171875,42.147056579589844,127.12999725341797,115.49542999267578
2023-07-11,185.65060424804688,325.4885559082031,42.37187576293945,128.77999877929688,116.17977142333984
2023-07-12,187.31878662109375,330.11932373046875,43.86771011352539,130.8000030517578,117.95510864257812
2023-07-13,188.0788116455078,335.464599609375,45.94108200073242,134.3000030517578,123.51911926269531
2023-07-14,188.22689819335938,337.9903564453125,45.4334831237793,134.67999267578125,124.39189910888672
2023-07-17,191.48426818847656,338.4701843261719,46.42470169067383,133.55999755859375,123.62821197509766
2023-07-18,191.22760009765625,351.9412536621094,47.45690155029297,132.8300018310547,122.74549865722656
2023-07-19,192.5799560546875,347.6238098144531,47.040225982666016,135.36000061035156,121.02969360351562
2023-07-20,190.63540649414062,339.5862121582031,45.48444366455078,129.9600067138672,118.22289276123047
2023-07-21,189.4607696533203,336.5513000488281,44.274391174316406,130.0,119.0361557006836
2023-07-24,190.26028442382812,337.8631591796875,44.57715606689453,128.8000030517578,120.5337905883789
2023-07-25,191.11904907226562,343.60992431640625,45.64332580566406,129.1300048828125,121.20822143554688
2023-07-26,191.98768615722656,330.6772766113281,45.41649627685547,128.14999389648438,128.21034240722656
2023-07-27,190.7242431640625,323.7753601074219,45.86415100097656,128.25,128.33926391601562
2023-07-28,193.30050659179688,331.2646484375,46.7134895324707,132.2100067138672,131.4932098388672
2023-07-31,193.91249084472656,328.86614990234375,46.69249725341797,133.67999267578125,131.632080078125
2023-08-01,193.0833282470703,329.27734375,46.470672607421875,131.69000244140625,130.47166442871094
2023-08-02,190.09246826171875,320.6228942871094,44.23442077636719,128.2100067138672,127.32762908935547
2023-08-03,188.70068359375,319.80059814453125,44.48023223876953,128.91000366210938,127.39705657958984
2023-08-04,179.63929748535156,320.8970642089844,44.64509582519531,139.57000732421875,127.05984497070312
2023-08-07,176.53982543945312,323.17816162109375,45.38153076171875,142.22000122070312,130.45181274414062
2023-08-08,177.4775390625,319.203369140625,44.629119873046875,139.94000244140625,130.3228759765625
2023-08-09,175.88836669921875,315.46368408203125,42.5207633972168,137.85000610351562,128.59715270996094
2023-08-10,175.67120361328125,316.14892578125,42.35490036010742,138.55999755859375,128.62689208984375
2023-08-11,175.7305145263672,314.2692565917969,40.82309341430664,138.41000366210938,128.4979705810547
2023-08-14,177.38116455078125,317.235595703125,43.71882247924805,140.57000732421875,130.25344848632812
2023-08-15,175.39443969726562,315.10137939453125,43.90567398071289,137.6699981689453,128.71617126464844
2023-08-16,174.52464294433594,314.3361511230469,43.45203399658203,135.07000732421875,127.64501953125
2023-08-17,171.98440551757812,310.8827819824219,43.310142517089844,133.97999572753906,128.85499572753906
2023-08-18,172.46873474121094,310.4903259277344,43.265174865722656,133.22000122070312,126.4151840209961
2023-08-21,173.80311584472656,315.7881774902344,46.93031311035156,134.67999267578125,127.31770324707031
2023-08-22,175.1769561767578,316.35711669921875,45.632328033447266,134.25,128.0218963623047
2023-08-23,179.0219268798828,320.8112487792969,47.07920837402344,135.52000427246094,131.284912109375
2023-08-24,174.33685302734375,313.914306640625,47.126163482666016,131.83999633789062,128.71617126464844
2023-08-25,176.541015625,316.8673400878906,45.9820556640625,133.25999450683594,128.81533813476562
2023-08-28,178.1027069091797,317.57373046875,46.79841995239258,133.13999938964844,129.93606567382812
2023-08-29,181.9871826171875,322.194580078125,48.74589538574219,134.91000366210938,133.4669189453125
2023-08-30,185.47625732421875,322.5673522949219,49.22552490234375,135.07000732421875,134.7661590576172
2023-08-31,185.6937255859375,321.556884765625,49.31645202636719,138.00999450683594,135.05380249023438
2023-09-01,187.2653350830078,322.4398498535156,48.47110366821289,138.1199951171875,134.54795837402344
2023-09-05,187.50254821777344,327.2372131347656,48.51008224487305,137.27000427246094,134.6571044921875
2023-09-06,180.7911834716797,326.58001708984375,47.028114318847656,135.36000061035156,133.35780334472656
2023-09-07,175.50315856933594,323.66619873046875,46.20869064331055,137.85000610351562,134.15122985839844
2023-09-08,176.11598205566406,327.9436340332031,45.54015350341797,138.22999572753906,135.2620849609375
2023-09-11,177.2823028564453,331.5442199707031,45.14643096923828,143.10000610351562,135.79762268066406
2023-09-12,174.25778198242188,325.4909362792969,44.838645935058594,141.22999572753906,134.2305908203125
2023-09-13,172.1919708251953,329.69976806640625,45.453216552734375,144.85000610351562,135.58938598632812
2023-09-14,173.70425415039062,332.2898254394531,45.549156188964844,144.72000122070312,136.96795654296875
2023-09-15,172.98269653320312,323.9703063964844,43.869319915771484,140.38999938964844,136.27366638183594
2023-09-18,175.90841674804688,322.832275390625,43.935279846191406,139.97999572753906,137.07705688476562
2023-09-19,176.99569702148438,322.4299621582031,43.489585876464844,137.6300048828125,136.908447265625
2023-09-20,173.4571533203125,314.6991271972656,42.20948791503906,135.2899932861328,132.64370727539062
2023-09-21,171.9152069091797,313.482666015625,40.98834228515625,129.3300018310547,129.37075805664062
2023-09-22,172.76524353027344,311.01031494140625,41.58092498779297,129.1199951171875,129.18228149414062
2023-09-25,174.04029846191406,311.53033447265625,42.19249725341797,131.27000427246094,130.03526306152344
2023-09-26,169.96804809570312,306.23248291015625,41.8817138671875,125.9800033569336,127.51608276367188
2023-09-27,168.45578002929688,306.8701477050781,42.43832015991211,125.9800033569336,129.4699249267578
2023-09-28,168.71273803710938,307.7041015625,43.05889129638672,125.9800033569336,131.22543334960938
2023-09-29,169.2267608642578,309.7742004394531,43.46860122680664,127.12000274658203,129.78729248046875
2023-10-02,171.7373046875,315.70965576171875,44.75071334838867,129.4600067138672,133.07017517089844
2023-10-03,170.40293884277344,307.4588317871094,43.4865837097168,124.72000122070312,131.34445190429688
2023-10-04,171.64834594726562,312.92340087890625,44.01022720336914,127.0,134.1313934326172
2023-10-05,172.88385009765625,313.3158264160156,44.65677261352539,125.95999908447266,133.96278381347656
2023-10-06,175.4340057373047,321.06634521484375,45.73002243041992,127.95999908447266,136.45223999023438
2023-10-09,176.91659545898438,323.5778503417969,45.24136734008789,128.25999450683594,137.28533935546875
2023-10-10,176.3235321044922,322.1749572753906,45.7659912109375,129.47999572753906,136.9282989501953
2023-10-11,177.71719360351562,326.128662109375,46.773292541503906,131.8300018310547,139.3978729248047
2023-10-12,178.61666870117188,324.8925476074219,46.912200927734375,132.3300018310547,137.83084106445312
2023-10-13,176.77821350097656,321.5274658203125,45.42923355102539,129.7899932861328,136.23402404785156
2023-10-16,176.64974975585938,326.34454345703125,46.06279373168945,132.5500030517578,137.95974731445312
2023-10-17,175.097900390625,325.77545166015625,43.90729522705078,131.47000122070312,138.57472229003906
2023-10-18,173.80311584472656,323.8624267578125,42.16651153564453,128.1300048828125,136.82908630371094
2023-10-19,173.42750549316406,325.04949951171875,42.07158660888672,128.39999389648438,136.62083435058594
2023-10-20,170.87738037109375,320.4875183105469,41.35807800292969,125.16999816894531,134.48846435546875
2023-10-23,170.99598693847656,323.0873718261719,42.94497299194336,126.55999755859375,135.38107299804688
2023-10-24,171.430908203125,324.27447509765625,43.63248825073242,128.55999755859375,137.67213439941406
2023-10-25,169.11801147460938,334.2225646972656,41.74980545043945,121.38999938964844,124.5803451538086
2023-10-26,164.956787109375,321.6844787597656,40.297821044921875,119.56999969482422,121.27764129638672
2023-10-27,166.2713623046875,323.5680847167969,40.47169876098633,127.73999786376953,121.16854858398438
2023-10-30,168.31736755371094,330.9261169433594,41.132232666015625,132.7100067138672,123.43977355957031
2023-10-31,168.7918243408203,331.7110290527344,40.751502990722656,133.08999633789062,123.0628890991211
2023-11-01,171.95474243164062,339.5203552246094,42.29542541503906,137.0,125.41345977783203
2023-11-02,175.51304626464844,341.727783203125,43.47560119628906,138.07000732421875,126.44493103027344
2023-11-03,174.60374450683594,346.1229248046875,44.97355270385742,138.60000610351562,128.04173278808594
2023-11-06,177.15380859375,349.7823486328125,45.71902847290039,139.74000549316406,129.18228149414062
2023-11-07,179.7138214111328,353.7066955566406,45.922889709472656,142.7100067138672,129.89642333984375
2023-11-08,180.77142333984375,356.3261413574219,46.54145812988281,142.0800018310547,130.75927734375
2023-11-09,180.2969970703125,353.8636474609375,46.91719436645508,140.60000610351562,129.1724090576172
2023-11-10,184.48348999023438,362.67364501953125,48.30121994018555,143.55999755859375,131.50314331054688
2023-11-13,182.89996337890625,359.74029541015625,48.58601760864258,142.58999633789062,131.00721740722656
2023-11-14,185.5128173828125,363.2622985839844,49.621299743652344,145.8000030517578,132.52468872070312
2023-11-15,186.076904296875,363.4098205566406,48.85383987426758,143.1999969482422,133.51649475097656
2023-11-16,187.75949096679688,369.79974365234375,49.445430755615234,142.8300018310547,135.8075408935547
2023-11-17,187.73965454101562,363.5867614746094,49.263553619384766,145.17999267578125,134.20082092285156
2023-11-20,189.4815673828125,371.0482482910156,50.373775482177734,146.1300048828125,135.13314819335938
2023-11-21,188.67991638183594,366.7522277832031,49.909095764160156,143.89999389648438,135.8472137451172
2023-11-22,189.34303283691406,371.4512939453125,48.68195724487305,146.7100067138672,137.35476684570312
2023-11-24,188.0167694091797,371.0383605957031,47.74262237548828,146.74000549316406,135.56951904296875
2023-11-27,187.838623046875,372.1983642578125,48.20828628540039,147.72999572753906,135.2918243408203
2023-11-28,188.44235229492188,376.2191467285156,47.7875862121582,147.02999877929688,136.07533264160156
2023-11-29,187.42295837402344,372.434326171875,48.106361389160156,146.32000732421875,133.88345336914062
2023-11-30,187.99697875976562,372.4933166503906,46.73731994628906,146.08999633789062,131.44361877441406
2023-12-01,189.2737274169922,368.1678466796875,46.73232650756836,147.02999877929688,130.7790985107422
2023-12-04,187.4823455810547,362.8887634277344,45.47819900512695,144.83999633789062,128.21034240722656
2023-12-05,191.43130493164062,366.2115478515625,46.53756332397461,146.8800048828125,129.916259765625
2023-12-06,190.3426513671875,362.55450439453125,45.47520446777344,144.52000427246094,128.95419311523438
2023-12-07,192.2725830078125,364.6680908203125,46.56753158569336,146.8800048828125,135.8075408935547
2023-12-08,193.69778442382812,367.8925476074219,47.47697448730469,147.4199981689453,133.88345336914062
2023-12-11,191.19375610351562,365.0121765136719,46.598514556884766,145.88999938964844,132.19737243652344
2023-12-12,192.7080535888672,368.03997802734375,47.627891540527344,147.47999572753906,131.43370056152344
2023-12-13,195.92465209960938,368.03021240234375,48.058624267578125,148.83999633789062,131.4833221435547
2023-12-14,196.0731201171875,359.73309326171875,48.320457458496094,147.4199981689453,130.8584442138672
2023-12-15,195.5386505126953,364.45184326171875,48.86013412475586,149.97000122070312,131.51304626464844
2023-12-18,193.87594604492188,366.33929443359375,50.046409606933594,154.07000732421875,134.6868133544922
2023-12-19,194.9151153564453,366.93902587890625,49.57369613647461,153.7899932861328,135.5298309326172
2023-12-20,192.82681274414062,364.3437194824219,48.081607818603516,152.1199951171875,137.2059783935547
2023-12-21,192.67835998535156,367.2142639160156,48.96007537841797,153.83999633789062,139.26893615722656
2023-12-22,191.60948181152344,368.23663330078125,48.80016326904297,153.4199981689453,140.3301544189453
2023-12-26,191.0651092529297,368.3152770996094,49.2488899230957,153.41000366210938,140.3599395751953
2023-12-27,191.16409301757812,367.7353210449219,49.38681411743164,153.33999633789062,139.21934509277344
2023-12-28,191.5896759033203,368.9248046875,49.49174880981445,153.3800048828125,139.08047485351562
2023-12-29,190.5504608154297,369.6719055175781,49.49174880981445,151.94000244140625,138.54493713378906
2024-01-02,183.73130798339844,364.5894775390625,48.13856887817383,149.92999267578125,137.03738403320312
2024-01-03,182.3555908203125,364.32403564453125,47.53993606567383,148.47000122070312,137.78125
2024-01-04,180.03964233398438,361.7090759277344,47.96868133544922,144.57000732421875,135.27198791503906
2024-01-05,179.31716918945312,361.5223083496094,49.06700897216797,145.24000549316406,134.61740112304688
2024-01-08,183.65213012695312,368.3447570800781,52.2210807800293,149.10000610351562,137.70188903808594
2024-01-09,183.23643493652344,369.4261779785156,53.107540130615234,151.3699951171875,139.79458618164062
2024-01-10,184.27566528320312,376.28790283203125,54.316795349121094,153.72999572753906,141.11367797851562
2024-01-11,183.68179321289062,378.116455078125,54.78850555419922,155.17999267578125,140.9153289794922
2024-01-12,184.0084228515625,381.8914489746094,54.67657470703125,154.6199951171875,141.4806671142578
2024-01-16,181.74195861816406,383.6609191894531,56.34755325317383,153.16000366210938,141.32199096679688
2024-01-17,180.80172729492188,382.87445068359375,56.01875305175781,151.7100067138672,140.31033325195312
2024-01-18,186.69056701660156,387.199951171875,57.07211685180664,153.5,142.30384826660156
2024-01-19,189.59043884277344,391.9187316894531,59.454654693603516,155.33999633789062,145.18008422851562
2024-01-22,191.89645385742188,389.7952575683594,59.617557525634766,154.77999877929688,144.79330444335938
2024-01-23,193.1732177734375,392.144775390625,59.836421966552734,156.02000427246094,145.8346710205078
2024-01-24,192.50021362304688,395.7427978515625,61.32451248168945,156.8699951171875,147.48106384277344
2024-01-25,192.17359924316406,398.0137023925781,61.57936477661133,157.75,150.6250762939453
2024-01-26,190.4416046142578,397.0896301269531,60.993709564208984,159.1199951171875,150.9424591064453
2024-01-29,189.75868225097656,402.7815246582031,62.42683792114258,161.25999450683594,152.2516326904297
2024-01-30,186.1066436767578,401.6706848144531,62.735652923583984,159.0,150.21844482421875
2024-01-31,182.5040283203125,390.8471374511719,61.48941421508789,155.1999969482422,138.95156860351562
2024-02-01,184.9387664794922,396.9421691894531,62.98849105834961,159.27999877929688,140.00289916992188
2024-02-02,183.9391326904297,404.2562255859375,66.11958312988281,171.80999755859375,141.212890625
2024-02-05,185.75033569335938,398.780517578125,69.2896499633789,170.30999755859375,142.50222778320312
2024-02-06,187.3536834716797,398.62310791015625,68.18132019042969,169.14999389648438,142.9187774658203
2024-02-07,187.46253967285156,407.0382080078125,70.0561752319336,170.52999877929688,144.34698486328125
2024-02-08,186.38375854492188,407.09722900390625,69.59844970703125,169.83999633789062,144.7139434814453
2024-02-09,187.14682006835938,413.4281311035156,72.08894348144531,174.4499969482422,147.77862548828125
2024-02-12,185.46214294433594,408.2276916503906,72.20386505126953,172.33999633789062,146.32066345214844
2024-02-13,183.3711700439453,399.43914794921875,72.08393859863281,168.63999938964844,143.9502716064453
2024-02-14,182.48916625976562,403.29986572265625,73.85487365722656,170.97999572753906,144.74368286132812
2024-02-15,182.20181274414062,400.41412353515625,72.61360168457031,169.8000030517578,141.59970092773438
2024-02-16,180.66578674316406,397.9519348144531,72.56864166259766,169.50999450683594,139.36814880371094
2024-02-20,179.9225616455078,396.701171875,69.4095687866211,167.0800018310547,139.96319580078125
2024-02-21,180.67572021484375,396.1003723144531,67.43077850341797,168.58999633789062,141.38150024414062
2024-02-22,182.70721435546875,405.4272155761719,78.49002838134766,174.5800018310547,142.90884399414062
2024-02-23,180.8739013671875,404.1369934082031,78.76885223388672,174.99000549316406,142.77992248535156
2024-02-26,179.5261688232422,401.3793029785156,79.0436782836914,174.72999572753906,136.44229125976562
2024-02-27,180.98291015625,401.32025146484375,78.65292358398438,173.5399932861328,137.7415771484375
2024-02-28,179.7838134765625,401.556640625,77.61554718017578,173.16000366210938,135.2620849609375
2024-02-29,179.11985778808594,407.3871765136719,79.06367492675781,176.75999450683594,137.32501220703125
2024-03-01,178.03970336914062,409.2190246582031,82.22872924804688,178.22000122070312,136.01583862304688
2024-03-04,173.5208282470703,408.6477966308594,85.18492889404297,177.5800018310547,132.25689697265625
2024-03-05,168.58572387695312,396.563232421875,85.91551208496094,174.1199951171875,131.58248901367188
2024-03-06,167.59474182128906,396.0117492675781,88.64996337890625,173.50999450683594,130.3228759765625
2024-03-07,167.475830078125,402.9551696777344,92.61672973632812,176.82000732421875,133.27847290039062
2024-03-08,169.1902313232422,400.079345703125,87.47863006591797,175.35000610351562,134.300048828125
2024-03-11,171.19203186035156,398.4049987792969,85.72561645507812,171.9600067138672,136.54150390625
2024-03-12,171.6676483154297,409.0023498535156,91.86116027832031,175.38999938964844,137.36468505859375
2024-03-13,169.58660888671875,408.8250427246094,90.83673858642578,176.55999755859375,138.6441192626953
2024-03-14,171.4397735595703,418.7920837402344,87.89439392089844,178.75,141.92697143554688
2024-03-15,171.06317138671875,410.1250915527344,87.78746032714844,174.4199981689453,140.02273559570312
2024-03-18,172.1532440185547,411.01153564453125,88.40511322021484,174.47999572753906,146.46942138671875
2024-03-19,174.49197387695312,415.0396728515625,89.34757995605469,175.89999389648438,145.82476806640625
2024-03-20,177.05862426757812,418.8019104003906,90.32102966308594,178.14999389648438,147.520751953125
2024-03-21,169.82447814941406,422.87933349609375,91.38343048095703,178.14999389648438,146.39010620117188
2024-03-22,170.72625732421875,422.2588806152344,94.2358169555664,178.8699951171875,149.53411865234375
2024-03-25,169.30914306640625,416.4677429199219,94.94841766357422,179.7100067138672,148.83985900878906
2024-03-26,168.17942810058594,415.2760009765625,92.50879669189453,178.3000030517578,149.43490600585938
2024-03-27,171.7469482421875,415.05938720703125,90.19910430908203,179.8300018310547,149.63327026367188
2024-03-28,169.93344116210938,414.3600769042969,90.30503845214844,180.3800048828125,149.6927947998047
2024-04-01,168.49655151367188,418.1519470214844,90.31202697753906,180.97000122070312,154.21542358398438
2024-04-02,167.31727600097656,415.0692443847656,89.40155029296875,180.69000244140625,153.29306030273438
2024-04-03,168.11996459960938,414.0941467285156,88.91382598876953,182.41000366210938,153.6501007080078
2024-04-04,167.2974395751953,411.5630798339844,85.8565444946289,180.0,149.29608154296875
2024-04-05,168.05059814453125,419.08758544921875,87.9583740234375,185.07000732421875,151.24990844726562
2024-04-08,166.9307861328125,418.17156982421875,87.08384704589844,185.19000244140625,153.58065795898438
2024-04-09,168.13975524902344,419.8360900878906,85.30584716796875,185.6699981689453,155.31631469726562
2024-04-10,166.26683044433594,416.8616943359375,86.98990631103516,185.9499969482422,154.86007690429688
2024-04-11,173.46136474609375,421.4610595703125,90.56488037109375,189.0500030517578,158.103271484375
2024-04-12,174.957763671875,415.5223083496094,88.13626098632812,186.1300048828125,156.4370574951172
2024-04-15,171.13253784179688,407.3871765136719,85.9524917602539,183.6199951171875,153.59056091308594
2024-04-16,167.85240173339844,408.3128967285156,87.3656997680664,183.32000732421875,153.13433837890625
2024-04-17,166.48484802246094,405.6143798828125,83.98760223388672,181.27999877929688,154.19558715820312
2024-04-18,165.53350830078125,398.1587829589844,84.62325286865234,179.22000122070312,154.73114013671875
2024-04-19,163.5119171142578,393.08660888671875,76.15702819824219,174.6300048828125,152.82688903808594
2024-04-22,164.34432983398438,394.8988342285156,79.47314453125,177.22999572753906,154.9989471435547
2024-04-23,165.39476013183594,401.40887451171875,82.37651062011719,179.5399932861328,156.96270751953125
2024-04-24,167.4956512451172,402.8763732910156,79.63207244873047,176.58999633789062,157.8255615234375
2024-04-25,168.35781860351562,393.0078430175781,82.58539581298828,173.6699981689453,154.72125244140625
2024-04-26,167.77313232421875,400.17779541015625,87.6855239868164,179.6199951171875,170.54049682617188
2024-04-29,171.9352264404297,396.1693115234375,87.70751190185547,180.9600067138672,164.7880096435547
2024-04-30,168.79383850097656,383.44464111328125,86.35326385498047,175.0,161.44564819335938
2024-05-01,167.77313232421875,388.9697570800781,82.99414825439453,179.0,162.5167999267578
2024-05-02,171.469482421875,391.8259582519531,85.76859283447266,184.72000122070312,165.254150390625
2024-05-03,181.7261505126953,400.5126647949219,88.73892211914062,186.2100067138672,165.86912536621094
2024-05-06,180.0712127685547,407.28863525390625,92.0880355834961,188.6999969482422,166.7220458984375
2024-05-07,180.75497436523438,403.1521301269531,90.5029296875,188.75999450683594,169.84622192382812
2024-05-08,181.09190368652344,404.3339538574219,90.36100769042969,188.0,167.99156188964844
2024-05-09,182.9053955078125,406.08709716796875,88.69695281982422,189.5,168.56680297851562
2024-05-10,181.64515686035156,408.4704895019531,89.82730865478516,187.47999572753906,167.2675323486328
2024-05-13,184.85035705566406,407.4659729003906,90.34801483154297,186.57000732421875,167.75352478027344
2024-05-14,185.99151611328125,410.26300048828125,91.30447387695312,187.07000732421875,168.94366455078125
2024-05-15,188.26397705078125,417.4360046386719,94.5766372680664,185.99000549316406,171.09588623046875
2024-05-16,188.383056640625,415.3738708496094,94.30577850341797,183.6300048828125,172.752197265625
2024-05-17,188.4127960205078,414.6042785644531,92.42683410644531,184.6999969482422,174.61680603027344
2024-05-20,189.57383728027344,419.6658935546875,94.72654724121094,183.5399932861328,175.4697265625
2024-05-21,190.87379455566406,423.3165283203125,95.33220672607422,183.14999389648438,176.39212036132812
2024-05-22,189.43490600585938,424.7767639160156,94.89644622802734,183.1300048828125,174.93417358398438
2024-05-23,185.44577026367188,421.3037109375,103.7404556274414,181.0500030517578,172.12738037109375
2024-05-24,188.52195739746094,424.42156982421875,106.40894317626953,180.75,173.55557250976562
2024-05-28,188.5319061279297,424.5794677734375,113.83676147460938,182.14999389648438,174.9539794921875
2024-05-29,188.82958984375,423.44482421875,114.7602310180664,182.02000427246094,174.4580841064453
2024-05-30,189.82191467285156,409.1382141113281,110.43766784667969,179.32000732421875,170.6991729736328
2024-05-31,190.77455139160156,409.5920715332031,109.57115936279297,176.44000244140625,171.0859832763672
2024-06-03,192.54087829589844,408.0035400390625,114.93513488769531,178.33999633789062,171.75048828125
2024-06-04,192.85842895507812,410.51953125,116.3713150024414,179.33999633789062,172.3654022216797
2024-06-05,194.36676025390625,418.3536071777344,122.3709487915039,181.27999877929688,173.9721221923828
2024-06-06,192.9874267578125,418.8568115234375,120.92976379394531,185.0,175.2812957763672
2024-06-07,195.3789520263672,418.19580078125,120.81982421875,184.3000030517578,173.02992248535156
2024-06-10,191.6378631591797,422.162109375,121.72130584716797,187.05999755859375,173.7746124267578
2024-06-11,205.5601806640625,426.907958984375,120.85173797607422,187.22999572753906,175.37322998046875
2024-06-12,211.4347686767578,435.1761474609375,125.13966369628906,186.88999938964844,176.53497314453125
2024-06-13,212.59579467773438,435.689208984375,129.5475311279297,183.8300018310547,173.92355346679688
2024-06-14,210.8592071533203,436.666015625,131.8164520263672,183.66000366210938,175.54202270507812
2024-06-17,215.00714111328125,442.38861083984375,130.91688537597656,184.05999755859375,175.98887634277344
2024-06-18,212.6453857421875,440.3857116699219,135.5146484375,182.80999755859375,173.8540496826172
2024-06-20,208.0707550048828,439.7542419433594,130.71697998046875,186.10000610351562,175.05551147460938
2024-06-21,205.89759826660156,443.7798156738281,126.50900268554688,189.0800018310547,178.36199951171875
2024-06-24,206.54258728027344,441.697998046875,118.0530776977539,185.57000732421875,177.9548797607422
2024-06-25,207.4654998779297,444.93426513671875,126.02923583984375,186.33999633789062,182.73092651367188
2024-06-26,211.61338806152344,446.1280822753906,126.33909606933594,193.61000061035156,182.58200073242188
2024-06-27,212.4568634033203,446.80889892578125,123.93025207519531,197.85000610351562,184.10121154785156
2024-06-28,209.0035400390625,440.9875793457031,123.48046875,193.25,180.8642120361328
2024-07-01,215.08651733398438,450.6370849609375,124.24009704589844,197.1999969482422,181.69830322265625
2024-07-02,218.5795135498047,453.153076171875,122.61088562011719,200.0,183.9324188232422
2024-07-03,219.8496856689453,454.6231689453125,128.21817016601562,197.58999633789062,184.50833129882812
2024-07-05,224.60292053222656,461.3226318359375,125.76936340332031,200.0,189.25457763671875
2024-07-08,226.07156372070312,460.0202331542969,128.13819885253906,199.2899932861328,187.69564819335938
2024-07-09,226.92494201660156,453.4096374511719,131.3166961669922,199.33999633789062,187.64601135253906
2024-07-10,231.1919708251953,460.0301208496094,134.84498596191406,199.7899932861328,189.8304443359375
2024-07-11,225.823486328125,448.6342468261719,127.33860778808594,195.0500030517578,184.26007080078125
2024-07-12,228.77069091796875,447.4995422363281,129.177734375,194.49000549316406,183.7635955810547
2024-07-15,232.60104370117188,447.9040832519531,128.3780975341797,192.72000122070312,185.21327209472656
2024-07-16,233.0178680419922,443.5232849121094,126.2990951538086,193.02000427246094,182.62171936035156
2024-07-17,227.12344360351562,437.60333251953125,117.9331283569336,187.92999267578125,179.7421875
2024-07-18,222.45948791503906,434.4953308105469,121.03164672851562,183.75,176.4357147216797
2024-07-19,222.5885009765625,431.2788391113281,117.8731689453125,183.1300048828125,176.40591430664062
2024-07-22,222.2412109375,437.03106689453125,123.48046875,182.5500030517578,180.38758850097656
2024-07-23,223.2831268310547,438.91558837890625,122.53092193603516,186.41000366210938,180.5067596435547
2024-07-24,216.86276245117188,423.1783752441406,114.19493865966797,180.8300018310547,171.41140747070312
2024-07-25,215.8208465576172,412.8184814453125,112.22588348388672,179.85000610351562,166.09918212890625
2024-07-26,216.28724670410156,419.5967712402344,113.00550842285156,182.5,165.82115173339844
2024-07-29,216.5651092529297,421.0373229980469,111.53622436523438,183.1999969482422,168.3332977294922
2024-07-30,217.1208038330078,417.2781677246094,103.68000793457031,181.7100067138672,169.0879364013672
2024-07-31,220.3756103515625,412.76910400390625,116.9636001586914,186.97999572753906,170.3291015625
2024-08-01,216.6841583251953,411.545654296875,109.15736389160156,184.07000732421875,169.55462646484375
2024-08-02,218.17266845703125,403.0406494140625,107.21829223632812,167.89999389648438,165.48355102539062
2024-08-05,207.66390991210938,389.87860107421875,100.4015884399414,161.02000427246094,158.12583923339844
2024-08-06,205.63958740234375,394.2790832519531,104.19976043701172,161.92999267578125,157.17262268066406
2024-08-07,208.20973205566406,393.1148681640625,98.86233520507812,162.77000427246094,157.8180694580078
2024-08-08,211.67294311523438,397.3180236816406,104.9194107055664,165.8000030517578,160.88623046875
2024-08-09,214.5804443359375,400.6036071777344,104.69952392578125,166.94000244140625,162.51466369628906
2024-08-12,216.11038208007812,401.383056640625,108.96746063232422,166.8000030517578,161.14439392089844
2024-08-13,219.82598876953125,408.4870300292969,116.08403015136719,170.22999572753906,163.0011749267578
2024-08-14,220.27304077148438,411.2989807128906,118.0230941772461,170.10000610351562,159.23794555664062
2024-08-15,223.25344848632812,416.162109375,122.80079650878906,177.58999633789062,160.161376953125
2024-08-16,224.57479858398438,413.6316833496094,124.51995086669922,177.05999755859375,161.80967712402344
2024-08-19,224.4158477783203,416.65631103515625,129.93736267089844,178.22000122070312,165.49346923828125
2024-08-20,225.0317840576172,419.8885498046875,127.18868255615234,178.8800048828125,165.9998779296875
2024-08-21,224.92250061035156,419.2361755371094,128.4380645751953,180.11000061035156,164.6792755126953
2024-08-22,223.064697265625,410.7454528808594,123.68035888671875,176.1300048828125,162.6437530517578
2024-08-23,225.359619140625,411.9710998535156,129.30763244628906,177.0399932861328,164.4508819580078
2024-08-26,225.69740295410156,408.70928955078125,126.39904022216797,175.5,164.98707580566406
2024-08-27,226.5418701171875,409.0552062988281,128.23817443847656,173.1199951171875,163.51751708984375
2024-08-28,225.01193237304688,405.8526611328125,125.54946899414062,170.8000030517578,161.70046997070312
2024-08-29,228.29039001464844,408.3435363769531,117.5333251953125,172.1199951171875,160.63800048828125
2024-08-30,227.5055389404297,412.317138671875,119.31246948242188,178.5,162.2267303466797
2024-09-03,221.3162078857422,404.7060852050781,107.94795227050781,176.25,156.2491912841797
2024-09-04,219.40870666503906,404.17236328125,106.1588134765625,173.3300018310547,155.34564208984375
2024-09-05,220.92874145507812,403.6682434082031,107.15833282470703,177.88999938964844,156.1300506591797
2024-09-06,219.37893676757812,397.0556335449219,102.78044891357422,171.38999938964844,149.8546600341797
2024-09-09,219.46835327148438,401.02911376953125,106.41868591308594,175.39999389648438,147.85621643066406
2024-09-10,218.6735382080078,409.4111022949219,108.04788970947266,179.5500030517578,147.80648803710938
2024-09-11,221.20693969726562,418.1488952636719,116.8536605834961,184.52000427246094,150.2921142578125
2024-09-12,221.3162078857422,422.0630798339844,119.09276580810547,187.0,153.8018798828125
2024-09-13,221.04795837402344,425.611572265625,119.05278778076172,186.49000549316406,156.55596923828125
2024-09-16,214.90829467773438,426.3528747558594,116.73371124267578,184.88999938964844,157.1525115966797
2024-09-17,215.37521362304688,430.11883544921875,115.54417419433594,186.8800048828125,158.40528869628906
2024-09-18,219.249755859375,425.82904052734375,113.32505798339844,186.42999267578125,158.89248657226562
2024-09-19,227.37640380859375,433.6179504394531,117.82327270507812,189.8699951171875,161.2091064453125
2024-09-20,226.7107391357422,430.2374267578125,115.95401763916016,191.60000610351562,162.65077209472656
2024-09-23,224.99205017089844,428.497802734375,116.21391296386719,193.8800048828125,160.92076110839844
2024-09-24,225.88616943359375,424.2080383300781,120.82209014892578,193.9600067138672,161.3582305908203
2024-09-25,224.89268493652344,427.1139831542969,123.4610366821289,192.52999877929688,160.56283569335938
2024-09-26,226.0352020263672,426.3232421875,123.9908218383789,191.16000366210938,161.7957000732422
2024-09-27,226.30340576171875,423.0712585449219,121.35187530517578,187.97000122070312,163.0087127685547
2024-09-30,231.4794158935547,425.32489013671875,121.39186096191406,186.3300018310547,164.89779663085938
2024-10-01,224.7337646484375,415.8260803222656,116.95361328125,185.1300048828125,166.03126525878906
2024-10-02,225.30001831054688,412.30718994140625,118.80288696289062,184.75999450683594,164.90774536132812
2024-10-03,224.197265625,411.7240295410156,122.80130004882812,181.9600067138672,164.90774536132812
2024-10-04,225.3199005126953,411.2496032714844,124.87047576904297,186.50999450683594,166.10086059570312
2024-10-07,220.2432403564453,404.8049621582031,127.66937255859375,180.8000030517578,162.0442657470703
2024-10-08,224.29661560058594,409.9151611328125,132.83731079101562,182.72000122070312,163.43626403808594
2024-10-09,228.04202270507812,412.6333923339844,132.597412109375,185.1699981689453,160.9307098388672
2024-10-10,227.5452423095703,411.0320739746094,134.75656127929688,186.64999389648438,161.14944458007812
2024-10-11,226.0650177001953,411.506591796875,134.74656677246094,188.82000732421875,162.30276489257812
2024-10-14,229.79054260253906,414.2939453125,138.01527404785156,187.5399932861328,164.01290893554688
2024-10-15,232.32386779785156,413.8985595703125,131.54783630371094,187.69000244140625,164.51004028320312
2024-10-16,230.2673797607422,411.3088684082031,135.6661834716797,186.88999938964844,164.21176147460938
2024-10-17,230.63499450683594,411.9019470214844,136.87570190429688,187.52999877929688,161.9945526123047
2024-10-18,233.4663848876953,413.3252868652344,137.94529724121094,188.99000549316406,162.4817657470703
2024-10-21,234.9366912841797,413.9381408691406,143.6530303955078,189.07000732421875,163.12802124023438
2024-10-22,234.32077026367188,422.5672302246094,143.5330810546875,189.6999969482422,164.19186401367188
2024-10-23,229.25404357910156,419.69085693359375,139.50466918945312,184.7100067138672,161.8454132080078
2024-10-24,229.0653076171875,419.8193359375,140.35433959960938,186.3800048828125,161.7857666015625
2024-10-25,229.89981079101562,423.19976806640625,141.48388671875,187.8300018310547,164.32113647460938
2024-10-28,231.8768310546875,421.6578063964844,140.4643096923828,188.38999938964844,165.76278686523438
2024-10-29,232.1450653076172,426.95587158203125,141.19400024414062,190.8300018310547,168.70578002929688
2024-10-30,228.59835815429688,427.52911376953125,139.28475952148438,192.72999572753906,173.45835876464844
2024-10-31,224.4357147216797,401.65185546875,132.70736694335938,186.39999389648438,170.1276092529297
2024-11-01,221.45530700683594,405.6253356933594,135.34632873535156,197.92999267578125,170.30653381347656
2024-11-04,220.56114196777344,403.7374267578125,135.99607849121094,195.77999877929688,168.26834106445312
2024-11-05,221.99176025390625,406.7027282714844,139.8545379638672,199.5,168.76547241210938
2024-11-06,221.26651000976562,415.3218994140625,145.5522918701172,207.08999633789062,175.49659729003906
2024-11-07,225.99545288085938,420.51123046875,148.8209991455078,210.0500030517578,179.71226501464844
2024-11-08,225.7269287109375,417.6546630859375,147.5714569091797,208.17999267578125,177.32601928710938
2024-11-11,223.01174926757812,413.17706298828125,145.20240783691406,206.83999633789062,179.31454467773438
2024-11-12,223.01174926757812,418.1390075683594,148.231201171875,208.91000366210938,180.57723999023438
2024-11-13,223.8969268798828,420.28387451171875,146.21200561523438,214.10000610351562,177.85299682617188
2024-11-14,226.98008728027344,421.9543762207031,146.70184326171875,211.47999572753906,174.57191467285156
2024-11-15,223.77755737304688,410.20184326171875,141.9237060546875,202.61000061035156,171.49966430664062
2024-11-18,226.7811737060547,410.9530334472656,140.09442138671875,201.6999969482422,174.2935333251953
2024-11-19,227.03973388671875,412.9595947265625,146.95172119140625,204.61000061035156,177.09735107421875
2024-11-20,227.75582885742188,410.6861572265625,145.83216857910156,202.8800048828125,174.96961975097656
2024-11-21,227.27845764160156,408.913330078125,146.6118621826172,198.3800048828125,166.66757202148438
2024-11-22,228.62110900878906,413.00372314453125,141.8937225341797,197.1199951171875,163.81405639648438
2024-11-25,231.60479736328125,414.7765808105469,135.96607971191406,201.4499969482422,166.6874542236328
2024-11-26,233.7829132080078,423.888427734375,136.86570739746094,207.86000061035156,168.14901733398438
2024-11-27,233.65362548828125,418.9363098144531,135.2863311767578,205.74000549316406,168.25839233398438
2024-11-29,236.04058837890625,419.4018249511719,138.19520568847656,207.88999938964844,167.97999572753906
2024-12-02,238.2882843017578,426.8497619628906,138.57504272460938,210.7100067138672,170.50543212890625
2024-12-03,241.3316650390625,427.067626953125,140.20440673828125,213.44000244140625,170.3562469482422
2024-12-04,241.68971252441406,433.2280578613281,145.08245849609375,218.16000366210938,173.36886596679688
2024-12-05,241.71954345703125,438.3782043457031,145.0124969482422,220.5500030517578,171.6488037109375
2024-12-06,241.5206298828125,439.3191223144531,142.3933563232422,227.02999877929688,173.70692443847656
2024-12-09,245.40940856933594,441.74560546875,138.76454162597656,226.08999633789062,174.56297302246094
2024-12-10,246.42385864257812,439.0813903808594,135.0257568359375,225.0399932861328,184.31787109375
2024-12-11,245.15081787109375,444.6871643066406,139.26437377929688,230.25999450683594,194.50079345703125
2024-12-12,246.6128387451172,445.251708984375,137.2949981689453,228.97000122070312,191.0766143798828
2024-12-13,246.78192138671875,442.983642578125,134.20602416992188,227.4600067138672,188.9464874267578
2024-12-16,249.67608642578125,447.26226806640625,131.95675659179688,232.92999267578125,195.75498962402344
2024-12-17,252.1028289794922,450.104736328125,130.3472900390625,231.14999389648438,194.52069091796875
2024-12-18,246.70233154296875,433.1983337402344,128.86778259277344,220.52000427246094,187.5330047607422
2024-12-19,248.43289184570312,432.8417663574219,130.63719177246094,223.2899932861328,187.64248657226562
2024-12-20,253.10736083984375,432.4159240722656,134.65586853027344,224.9199981689453,190.52915954589844
2024-12-23,253.88311767578125,431.078857421875,139.62423706054688,225.05999755859375,193.73434448242188
2024-12-24,256.7972106933594,435.1197509765625,140.174072265625,229.0500030517578,195.20750427246094
2024-12-26,257.6127014160156,433.91143798828125,139.88417053222656,227.0500030517578,194.69989013671875
2024-12-27,254.20138549804688,426.404052734375,136.96511840820312,223.75,191.87294006347656
2024-12-30,250.8297882080078,420.75872802734375,137.4449462890625,221.3000030517578,190.35995483398438
2024-12-31,249.05947875976562,417.4606018066406,134.2460174560547,219.38999938964844,188.42886352539062
2025-01-02,242.52517700195312,414.568603515625,138.26470947265625,220.22000122070312,188.5582733154297
2025-01-03,242.03782653808594,419.2928771972656,144.4226837158203,224.19000244140625,190.9073944091797
2025-01-06,243.66891479492188,423.749755859375,149.3810577392578,227.61000061035156,195.96401977539062
2025-01-07,240.8940887451172,418.322265625,140.09410095214844,222.11000061035156,194.5903778076172
2025-01-08,241.3813934326172,420.49127197265625,140.06410217285156,222.1300048828125,193.05746459960938
2025-01-10,235.56320190429688,414.93505859375,135.86549377441406,218.94000244140625,191.15626525878906
2025-01-13,233.12649536132812,413.19195556640625,133.18637084960938,218.4600067138672,190.1309814453125
2025-01-14,232.0125732421875,411.6865234375,131.71682739257812,217.75999450683594,188.78720092773438
2025-01-15,236.57762145996094,422.2244873046875,136.1953887939453,223.35000610351562,194.65011596679688
2025-01-16,227.01986694335938,420.5110778808594,133.5262451171875,220.66000366210938,192.02224731445312
2025-01-17,228.73049926757812,424.91845703125,137.66490173339844,225.94000244140625,195.09805297851562
2025-01-21,221.43038940429688,424.3935241699219,140.78387451171875,230.7100067138672,197.1385955810547
2025-01-22,222.61392211914062,441.9239196777344,147.02183532714844,235.00999450683594,197.45712280273438
2025-01-23,222.44485473632812,442.42901611328125,147.17178344726562,235.4199981689453,197.0689239501953
2025-01-24,221.5696258544922,439.8044128417969,142.5732879638672,234.85000610351562,199.28866577148438
2025-01-27,228.6111602783203,430.3954772949219,118.38121032714844,235.4199981689453,190.9272918701172
2025-01-28,236.96554565429688,442.91436767578125,128.94775390625,238.14999389648438,194.4012451171875
2025-01-29,238.05955505371094,438.09100341796875,123.65947723388672,237.07000732421875,194.51075744628906
2025-01-30,236.2991485595703,411.01300048828125,124.60917663574219,234.63999938964844,199.94561767578125
2025-01-31,234.71780395507812,411.08233642578125,120.03067016601562,237.67999267578125,203.0811309814453
2025-02-03,226.77120971679688,406.9820251464844,116.62179565429688,237.4199981689453,200.303955078125
2025-02-04,231.5352020263672,408.4181213378906,118.61112976074219,242.05999755859375,205.43028259277344
2025-02-05,231.20700073242188,409.329345703125,124.78911590576172,236.1699981689453,190.4495086669922
2025-02-06,231.95291137695312,411.83502197265625,128.63784790039062,238.8300018310547,190.71827697753906
2025-02-07,226.39328002929688,405.8232116699219,129.79747009277344,229.14999389648438,184.48709106445312
2025-02-10,226.66209411621094,408.2695617675781,133.5262451171875,233.13999938964844,185.61187744140625
2025-02-11,231.6105499267578,407.4970397949219,132.7565155029297,232.75999450683594,184.46717834472656
2025-02-12,235.8420867919922,405.1200256347656,131.0970458984375,228.92999267578125,182.76504516601562
2025-02-13,240.4818572998047,406.6056213378906,135.24566650390625,230.3699951171875,185.28338623046875
2025-02-14,243.53857421875,404.515869140625,138.8045196533203,228.67999267578125,184.37757873535156
2025-02-18,243.40911865234375,405.71429443359375,139.35433959960938,226.64999389648438,182.92431640625
2025-02-19,243.80735778808594,410.79510498046875,139.18438720703125,226.6300048828125,184.4174041748047
2025-02-20,244.76319885253906,412.9684753417969,140.06410217285156,222.8800048828125,183.71067810058594
2025-02-21,244.4844207763672,405.108642578125,134.38595581054688,216.5800018310547,178.83322143554688
2025-02-24,246.0277099609375,400.9306335449219,130.23733520507812,212.7100067138672,178.42510986328125
2025-02-25,245.9679718017578,394.8769836425781,126.5885238647461,212.8000030517578,174.61273193359375
2025-02-26,239.31695556640625,396.693115234375,131.23699951171875,214.35000610351562,171.9351043701172
2025-02-27,236.27023315429688,389.5477600097656,120.11064910888672,208.74000549316406,167.72457885742188
2025-02-28,240.79052734375,393.973876953125,124.87908172607422,212.27999877929688,169.49639892578125
2025-03-03,236.9970703125,385.5384521484375,114.02263641357422,205.02000427246094,166.24142456054688
2025-03-04,234.9061737060547,385.65753173828125,115.9520034790039,203.8000030517578,170.13343811035156
2025-03-05,234.7169952392578,397.9732360839844,117.26158142089844,208.36000061035156,172.2238006591797
2025-03-06,234.3087921142578,393.87469482421875,110.53378295898438,200.6999969482422,171.556884765625
2025-03-07,238.03256225585938,390.32183837890625,112.65309143066406,199.25,173.05990600585938
2025-03-10,226.4928436279297,377.2717590332031,106.94495391845703,194.5399932861328,165.2968292236328
2025-03-11,219.8816680908203,377.5595703125,108.72437286376953,196.58999633789062,163.47314453125
2025-03-12,216.03842163085938,380.3581237792969,115.71273803710938,198.88999938964844,166.53256225585938
2025-03-13,208.77008056640625,375.8923034667969,115.55277252197266,193.88999938964844,162.19757080078125
2025-03-14,212.56356811523438,385.6079406738281,121.6413345336914,197.9499969482422,164.9181365966797
2025-03-17,213.07135009765625,385.74688720703125,119.50183868408203,195.74000549316406,163.72230529785156
2025-03-18,211.7670440673828,380.6062316894531,115.4028091430664,192.82000732421875,160.1147918701172
2025-03-19,214.30596923828125,384.8735656738281,117.4923095703125,195.5399932861328,163.3236846923828
2025-03-20,213.17091369628906,383.9010314941406,118.50206756591797,194.9499969482422,162.23744201660156
2025-03-21,217.3228302001953,388.2873840332031,117.6722640991211,196.2100067138672,163.42333984375
2025-03-24,219.7721405029297,390.09356689453125,121.38140106201172,203.25999450683594,167.1005859375
2025-03-25,222.77903747558594,392.1578063964844,120.66156768798828,205.7100067138672,169.97064208984375
2025-03-26,220.56866455078125,387.0072326660156,113.73320007324219,201.1300048828125,164.48963928222656
2025-03-27,222.8786163330078,387.6125793457031,111.40374755859375,201.36000061035156,161.67938232421875
2025-03-28,216.95440673828125,375.92205810546875,109.64415740966797,192.72000122070312,153.79672241210938
2025-03-31,221.1660614013672,372.5379943847656,108.35446166992188,190.25999450683594,154.10565185546875
2025-04-01,222.22146606445312,379.2863464355469,110.12405395507812,192.1699981689453,156.52725219726562
2025-04-02,222.91842651367188,379.2367248535156,110.39398193359375,196.00999450683594,156.49734497070312
2025-04-03,202.30825805664062,370.2752990722656,101.7760238647461,178.41000366210938,150.19918823242188
2025-04-04,187.56253051757812,357.10614013671875,94.28778076171875,171.0,145.09689331054688
2025-04-07,180.6725616455078,355.14117431640625,97.61698913574219,175.25999450683594,146.242919921875
2025-04-08,171.6717987060547,351.8662109375,96.27731323242188,170.66000366210938,144.19998168945312
2025-04-09,197.98709106445312,387.5232849121094,114.30307006835938,191.10000610351562,158.16160583496094
2025-04-10,189.5936737060547,378.45269775390625,107.5446548461914,181.22000122070312,152.2919464111328
2025-04-11,197.29013061523438,385.498779296875,110.90386199951172,184.8699951171875,156.5970001220703
2025-04-14,201.64117431640625,384.8636474609375,110.68391418457031,182.1199951171875,158.5203399658203
2025-04-15,201.26280212402344,382.7994384765625,112.1735610961914,179.58999633789062,155.7698516845703
2025-04-16,193.4269561767578,368.78668212890625,104.46538543701172,174.3300018310547,152.80018615722656
2025-04-17,196.1251983642578,364.98577880859375,101.46607971191406,172.61000061035156,150.63768005371094
2025-04-21,192.32176208496094,356.3916320800781,96.88717651367188,167.32000732421875,147.15972900390625
2025-04-22,198.8732452392578,364.0331115722656,98.86669921875,173.17999267578125,150.94659423828125
2025-04-23,203.71212768554688,371.5456237792969,102.68580627441406,180.60000610351562,154.8131866455078
2025-04-24,207.46578979492188,384.3574523925781,106.40491485595703,186.5399932861328,158.7296142578125
2025-04-25,208.371826171875,388.8729553222656,110.98385620117188,188.99000549316406,161.4003448486328
2025-04-28,209.2281036376953,388.18817138671875,108.70438385009766,187.6999969482422,160.0550079345703
2025-04-29,210.29345703125,391.0462951660156,108.99431610107422,187.38999938964844,159.60658264160156
2025-04-30,211.57785034179688,392.2570495605469,108.89433288574219,184.4199981689453,158.2512664794922
2025-05-01,212.39430236816406,422.16802978515625,111.58370208740234,190.1999969482422,160.7426300048828
2025-05-02,204.45889282226562,431.97296142578125,114.47303009033203,189.97999572753906,163.4632110595703
2025-05-05,198.02691650390625,432.8562316894531,113.7931900024414,186.35000610351562,163.64256286621094
2025-05-06,197.6485595703125,430.0179443359375,113.51325988769531,185.00999450683594,162.6659698486328
2025-05-07,195.39837646484375,430.0576477050781,117.03242492675781,188.7100067138672,150.85690307617188
2025-05-08,196.63299560546875,434.8410949707031,117.34236145019531,192.0800018310547,153.74688720703125
2025-05-09,197.66847229003906,435.3967590332031,116.62252044677734,193.05999755859375,152.22218322753906
2025-05-12,210.15048217773438,445.8467712402344,122.97103118896484,208.63999938964844,157.91244506835938
2025-05-13,212.28399658203125,445.7276916503906,129.89938354492188,211.3699951171875,158.978759765625
2025-05-14,211.6858367919922,449.4988098144531,135.30810546875,210.25,164.79856872558594
2025-05-15,210.80850219726562,450.512939453125,134.79823303222656,205.1699981689453,163.39344787597656
2025-05-16,210.6190643310547,451.6463623046875,135.36810302734375,205.58999633789062,165.61572265625
2025-05-19,208.14659118652344,456.2197570800781,135.53805541992188,206.16000366210938,165.96450805664062
2025-05-20,206.232421875,455.5238342285156,134.3483428955078,204.07000732421875,163.4133758544922
2025-05-21,201.47689819335938,449.9561462402344,131.76895141601562,201.1199951171875,167.9775390625
2025-05-22,200.7490997314453,452.2329406738281,132.7987060546875,203.10000610351562,170.27955627441406
2025-05-23,194.67758178710938,447.5799865722656,131.25906372070312,200.99000549316406,167.88784790039062
2025-05-27,199.60260009765625,458.02923583984375,135.4680633544922,206.02000427246094,172.30255126953125
2025-05-28,199.8119659423828,454.718505859375,134.7782440185547,204.72000122070312,171.76441955566406
2025-05-29,199.3433837890625,456.0308837890625,139.15721130371094,205.6999969482422,171.26612854003906
2025-05-30,200.24066162109375,457.7011413574219,135.09817504882812,205.00999450683594,171.1465606689453
2025-06-02,201.08807373046875,459.3018798828125,137.34764099121094,206.64999389648438,168.44590759277344
2025-06-03,202.6533203125,460.2961120605469,141.1867218017578,205.7100067138672,165.60577392578125
2025-06-04,202.2046661376953,461.1908874511719,141.88656616210938,207.22999572753906,167.46932983398438
2025-06-05,200.0213165283203,464.9788818359375,139.95703125,207.91000366210938,167.62875366210938
2025-06-06,203.30133056640625,467.6632995605469,141.6865997314453,213.57000732421875,173.079833984375
2025-06-09,200.8388214111328,470.0196228027344,142.59640502929688,216.97999572753906,175.69395446777344
2025-06-10,202.0551300048828,468.2001953125,143.92608642578125,217.61000061035156,178.19833374023438
2025-06-11,198.1769256591797,469.8903503417969,142.80625915527344,213.1999969482422,176.9511260986328
2025-06-12,198.5956573486328,476.104248046875,144.9759063720703,213.24000549316406,175.30484008789062
2025-06-13,195.85400390625,472.2168273925781,141.9464111328125,212.10000610351562,174.27716064453125
2025-06-16,197.81802368164062,476.3727111816406,144.66595458984375,216.10000610351562,176.3724365234375
2025-06-17,195.04644775390625,475.279052734375,144.09603881835938,214.82000732421875,175.5542755126953
2025-06-18,195.98361206054688,477.4663391113281,145.455810546875,212.52000427246094,172.93020629882812
2025-06-20,200.39019775390625,474.64276123046875,143.8260955810547,209.69000244140625,166.26522827148438
2025-06-23,200.888671875,483.19305419921875,144.1460418701172,208.47000122070312,164.8184814453125
2025-06-24,199.69232177734375,487.2793273925781,147.87539672851562,212.77000427246094,166.3949432373047
2025-06-25,200.948486328125,489.4268493652344,154.28436279296875,211.99000549316406,170.29612731933594
2025-06-26,200.39019775390625,494.57696533203125,154.99423217773438,217.1199951171875,173.14968872070312
2025-06-27,200.469970703125,493.07568359375,157.72378540039062,223.3000030517578,178.12847900390625
2025-06-30,204.54754638671875,494.5372009277344,157.96376037597656,219.38999938964844,175.83364868164062
2025-07-01,207.18951416015625,489.2081298828125,153.2745361328125,220.4600067138672,175.44451904296875
2025-07-02,211.7954864501953,488.2536926269531,157.22386169433594,219.9199981689453,178.23822021484375
2025-07-03,212.90211486816406,495.9589538574219,159.3135223388672,223.41000366210938,179.126220703125
2025-07-07,209.3130340576172,494.84539794921875,158.21371459960938,223.47000122070312,176.3923797607422
2025-07-08,209.37286376953125,493.7517395019531,159.97341918945312,219.36000061035156,173.9678497314453
2025-07-09,210.4994354248047,500.6019592285156,162.85293579101562,222.5399932861328,176.2227783203125
2025-07-10,211.76559448242188,498.58367919921875,164.07273864746094,222.25999450683594,177.22052001953125
2025-07-11,210.5193634033203,500.4130554199219,164.89259338378906,225.02000427246094,179.7847442626953
2025-07-14,207.98707580566406,500.1147766113281,164.04273986816406,225.69000244140625,181.15164184570312
2025-07-15,208.47560119628906,502.89862060546875,170.671630859375,226.35000610351562,181.59068298339844
2025-07-16,209.52239990234375,502.6997375488281,171.34152221679688,223.19000244140625,182.55848693847656
2025-07-17,209.38282775878906,508.7446594238281,172.97125244140625,223.8800048828125,183.1671142578125
2025-07-18,210.539306640625,507.10418701171875,172.38136291503906,226.1300048828125,184.64378356933594
2025-07-21,211.8353729248047,507.1141052246094,171.35153198242188,229.3000030517578,189.67245483398438
2025-07-22,213.74952697753906,502.3517761230469,167.00225830078125,227.47000122070312,190.90966796875
2025-07-23,213.50030517578125,502.9483337402344,170.75161743164062,228.2899932861328,189.8021697998047
2025-07-24,213.11148071289062,507.92938232421875,173.7111358642578,232.22999572753906,191.73780822753906
2025-07-25,213.2311248779297,510.74310302734375,173.47117614746094,231.44000244140625,192.74551391601562
2025-07-28,213.40061950683594,509.5400390625,176.7206268310547,232.7899932861328,192.14688110351562
2025-07-29,210.62904357910156,509.6096496582031,175.4808349609375,231.00999450683594,195.3097381591797
2025-07-30,208.415771484375,510.2757568359375,179.24021911621094,230.19000244140625,196.08799743652344
2025-07-31,206.94027709960938,530.4187622070312,177.84043884277344,234.11000061035156,191.46839904785156
2025-08-01,201.76600646972656,521.0830078125,173.69113159179688,214.75,188.70465087890625
2025-08-04,202.7330780029297,532.54638671875,179.9700927734375,211.64999389648438,194.60133361816406
2025-08-05,202.3043670654297,524.701904296875,178.23037719726562,213.75,194.232177734375
2025-08-06,212.60302734375,521.908203125,179.3901824951172,222.30999755859375,195.6489715576172
2025-08-07,219.36245727539062,517.8319091796875,180.73997497558594,223.1300048828125,196.07801818847656
2025-08-08,228.6541748046875,519.0249633789062,182.6696319580078,222.69000244140625,200.9669952392578
2025-08-11,226.747802734375,518.7565307617188,182.0297393798828,221.3000030517578,200.54794311523438
2025-08-12,229.21310424804688,526.183349609375,183.1295623779297,221.47000122070312,202.88267517089844
2025-08-13,232.88612365722656,517.5734252929688,181.55982971191406,224.55999755859375,201.50579833984375
2025-08-14,232.337158203125,519.4623413085938,181.98974609375,230.97999572753906,202.48358154296875
2025-08-15,231.1494140625,517.1657104492188,180.42001342773438,231.02999877929688,203.44140625
2025-08-18,230.4507598876953,514.1134033203125,181.97975158691406,231.49000549316406,203.04232788085938
2025-08-19,230.1213836669922,506.8258056640625,175.61080932617188,228.00999450683594,201.11668395996094
2025-08-20,225.5800323486328,502.7991943359375,175.370849609375,223.80999755859375,198.87171936035156
2025-08-21,224.47215270996094,502.15185546875,174.95091247558594,221.9499969482422,199.3007354736328
2025-08-22,227.3267059326172,505.1295166015625,177.96043395996094,228.83999633789062,205.62648010253906
2025-08-25,226.72784423828125,502.17181396484375,179.78012084960938,227.94000244140625,208.02110290527344
2025-08-26,228.87376403808594,499.96099853515625,181.7397918701172,228.7100067138672,206.6741180419922
2025-08-27,230.05152893066406,504.6415100097656,181.56982421875,229.1199951171875,207.0133514404297
2025-08-28,232.11758422851562,507.5295104980469,180.1400604248047,231.60000610351562,211.1640167236328
2025-08-29,231.69837951660156,504.59173583984375,174.1510467529297,229.0,212.43115234375
2025-09-02,229.28298950195312,503.0282287597656,170.75161743164062,225.33999633789062,210.87466430664062
2025-09-03,238.01634216308594,503.2572937011719,170.59165954589844,225.99000549316406,230.1412353515625
2025-09-04,239.32383728027344,505.866455078125,171.63148498535156,235.67999267578125,231.7775421142578
2025-09-05,239.2340087890625,492.9501647949219,166.9922637939453,232.3300018310547,234.4714813232422
2025-09-08,237.42745971679688,496.13690185546875,168.2820281982422,235.83999633789062,233.72247314453125
2025-09-09,233.9041748046875,496.3460388183594,170.7316131591797,238.24000549316406,239.30491638183594
2025-09-10,226.35855102539062,498.29791259765625,177.300537109375,230.3300018310547,238.84552001953125
2025-09-11,229.59239196777344,498.9352722167969,177.1505584716797,229.9499969482422,240.0438995361328
2025-09-12,233.6247100830078,507.7884521484375,177.80047607421875,228.14999389648438,240.4733123779297
2025-09-15,236.24969482421875,513.225830078125,177.73048400878906,231.42999267578125,251.26864624023438
2025-09-16,237.6969451904297,506.9320068359375,174.86080932617188,234.0500030517578,250.8192596435547
2025-09-17,238.5353546142578,507.9079284667969,170.27130126953125,231.6199951171875,249.19146728515625
2025-09-18,237.42745971679688,506.3444519042969,176.2206573486328,231.22999572753906,251.68807983398438
2025-09-19,245.032958984375,515.78515625,176.6505889892578,231.47999572753906,254.3744354248047
2025-09-22,255.5928192138672,512.319580078125,183.58984375,227.6300048828125,252.18739318847656
2025-09-23,253.9459686279297,507.1212463378906,178.410400390625,220.7100067138672,251.31858825683594
2025-09-24,251.8300018310547,508.0373840332031,176.9505615234375,220.2100067138672,246.80470275878906
2025-09-25,256.3813171386719,504.9303283691406,177.67050170898438,218.14999389648438,245.45654296875
2025-09-26,254.97401428222656,509.34197998046875,178.17044067382812,219.77999877929688,246.2055206298828
2025-09-29,253.9459686279297,512.4689331054688,181.83004760742188,222.1699981689453,243.71890258789062
2025-09-30,254.14559936523438,515.8051147460938,186.55950927734375,219.57000732421875,242.77020263671875
2025-10-01,254.9640350341797,517.557861328125,187.21945190429688,220.6300048828125,244.5677490234375
2025-10-02,256.6408386230469,513.604248046875,188.8692626953125,222.41000366210938,245.35667419433594
2025-10-03,257.5291442871094,515.20751953125,187.59939575195312,219.50999450683594,245.01715087890625
2025-10-06,256.20166015625,526.3811645507812,185.51962280273438,220.89999389648438,250.09024047851562
2025-10-07,255.99209594726562,521.8101196289062,185.01968383789062,221.77999877929688,245.42657470703125
2025-10-08,257.569091796875,522.676513671875,189.0892333984375,225.22000122070312,244.2881317138672
2025-10-09,253.55670166015625,520.2366943359375,192.54885864257812,227.74000549316406,241.2023162841797
2025-10-10,244.80340576171875,508.84405517578125,183.139892578125,216.3699951171875,236.2490692138672
2025-10-13,247.18885803222656,511.9212341308594,188.29933166503906,220.07000732421875,243.81875610351562
2025-10-14,247.29864501953125,511.4432373046875,180.01022338867188,216.38999938964844,245.1169891357422
2025-10-15,248.86566162109375,511.3038024902344,179.8102569580078,215.57000732421875,250.68942260742188
2025-10-16,246.97926330566406,509.4913330078125,181.7900390625,214.47000122070312,251.1188507080078
2025-10-17,251.81002807617188,511.4532470703125,183.19989013671875,213.0399932861328,252.9563446044922
2025-10-20,261.7411193847656,514.6498413085938,182.6199493408203,216.47999572753906,256.2019348144531
2025-10-21,262.27008056640625,515.5162963867188,181.14010620117188,222.02999877929688,250.12020874023438
2025-10-22,257.9583435058594,518.3843994140625,180.2602081298828,217.9499969482422,251.34854125976562
2025-10-23,259.0861511230469,518.404296875,182.13999938964844,221.08999633789062,252.73666381835938
2025-10-24,262.3200378417969,521.441650390625,186.23953247070312,224.2100067138672,259.5673828125
2025-10-27,268.2986145019531,529.3189697265625,191.46897888183594,226.97000122070312,268.9046630859375
2025-10-28,268.4882507324219,539.8252563476562,201.0079345703125,229.25,267.1071472167969
2025-10-29,269.1869201660156,539.307373046875,207.01727294921875,230.3000030517578,274.197509765625
2025-10-30,270.8836669921875,523.582763671875,202.8677215576172,222.86000061035156,281.09814453125
2025-10-31,269.85565185546875,515.6656494140625,202.4677734375,244.22000122070312,280.8085021972656
2025-11-03,268.53814697265625,514.888916015625,206.85728454589844,254.0,283.3350830078125
2025-11-04,269.5262756347656,512.2001342773438,198.66818237304688,249.32000732421875,277.1634521484375
2025-11-05,269.6260986328125,505.0597839355469,195.18858337402344,250.1999969482422,283.92425537109375
2025-11-06,269.25677490234375,495.04144287109375,188.05935668945312,243.0399932861328,284.3636779785156
2025-11-07,267.9592590332031,494.7626037597656,188.1293487548828,244.41000366210938,278.45172119140625
2025-11-10,269.1781311035156,503.9045715332031,199.0281524658203,248.39999389648438,289.7064208984375
2025-11-11,274.99267578125,506.573486328125,193.1387939453125,249.10000610351562,290.914794921875
2025-11-12,273.21435546875,509.0233154296875,193.7787322998047,244.1999969482422,286.3210144042969
2025-11-13,272.6948547363281,501.205810546875,186.8394775390625,237.5800018310547,278.19207763671875
2025-11-14,272.15533447265625,508.0672607421875,190.1491241455078,234.69000244140625,276.0350036621094
2025-11-17,267.2099609375,505.3883972167969,186.5795135498047,232.8699951171875,284.63330078125
2025-11-18,267.19000244140625,491.74517822265625,181.340087890625,222.5500030517578,283.8943176269531
2025-11-19,268.3089294433594,485.1027526855469,186.49951171875,222.69000244140625,292.4127502441406
2025-11-20,266.0010986328125,477.3404846191406,180.6201629638672,217.13999938964844,289.05731201171875
2025-11-21,271.2361755371094,471.04486083984375,178.86036682128906,220.69000244140625,299.25347900390625
2025-11-24,275.6620788574219,472.92059326171875,182.52996826171875,226.27999877929688,318.14776611328125
2025-11-25,276.7110900878906,475.90374755859375,177.80047607421875,229.6699981689453,323.0011901855469
2025-11-26,277.29052734375,484.3943786621094,180.24020385742188,229.16000366210938,319.5159606933594
2025-11-28,278.5893249511719,490.88958740234375,176.98056030273438,233.22000122070312,319.7456359863281
2025-12-01,282.8353576660156,485.6315612792969,179.90025329589844,233.8800048828125,314.46282958984375
2025-12-02,285.9224548339844,488.8841552734375,181.44007873535156,234.4199981689453,315.38153076171875
2025-12-03,283.8843688964844,476.64208984375,179.57028198242188,232.3800048828125,319.19635009765625
2025-12-04,280.4375915527344,479.7449951171875,183.37008666992188,229.11000061035156,317.1890869140625
2025-12-05,278.5193786621094,482.0597229003906,182.40013122558594,229.52999877929688,320.8341064453125
2025-12-08,277.6302185058594,489.9018249511719,185.5399627685547,226.88999938964844,313.49932861328125
2025-12-09,276.9208679199219,490.8995361328125,184.95999145507812,227.9199981689453,316.85693359375
2025-12-10,278.5193786621094,477.4701843261719,183.77005004882812,231.77999877929688,319.9847412109375
2025-12-11,277.77008056640625,482.3690185546875,180.92019653320312,230.27999877929688,312.210205078125
2025-12-12,278.0198669433594,477.4402770996094,175.01052856445312,226.19000244140625,309.07244873046875
2025-12-15,273.8537292480469,473.73870849609375,176.28045654296875,222.5399932861328,308.003173828125
2025-12-16,274.353271484375,475.3051452636719,177.71038818359375,222.55999755859375,306.3543395996094
2025-12-17,271.58587646484375,475.0357360839844,170.93075561523438,221.27000427246094,296.5112609863281
2025-12-18,271.935546875,482.87786865234375,174.1305694580078,226.75999450683594,302.2472229003906
2025-12-19,273.4141845703125,484.8134460449219,180.98020935058594,227.35000610351562,306.9439392089844
2025-12-22,270.7166748046875,483.81573486328125,183.6800537109375,228.42999267578125,309.56207275390625
2025-12-23,272.1053771972656,485.7413330078125,189.19976806640625,232.13999938964844,314.1288757324219
2025-12-24,273.55401611328125,486.90863037109375,188.59979248046875,232.3800048828125,313.8690490722656
2025-12-26,273.1444091796875,486.599365234375,190.51968383789062,232.52000427246094,313.2894592285156
2025-12-29,273.50408935546875,485.9907531738281,188.20980834960938,232.07000732421875,313.33941650390625
2025-12-30,272.82470703125,486.3699035644531,187.52984619140625,232.52999877929688,313.6292419433594
2025-12-31,271.6058349609375,482.5186767578125,186.4899139404297,230.82000732421875,312.7798156738281
2026-01-02,270.75665283203125,471.8630065917969,188.83978271484375,226.5,314.9283142089844
2026-01-05,267.0101623535156,471.773193359375,188.1098175048828,233.05999755859375,316.3173522949219
2026-01-06,262.1147155761719,477.4203186035156,187.22987365722656,240.92999267578125,314.1188659667969
2026-01-07,260.08660888671875,482.3690185546875,189.09976196289062,241.55999755859375,321.7535095214844
2026-01-08,258.7978515625,477.0212097167969,185.0299835205078,246.2899932861328,325.2110595703125
2026-01-09,259.1275329589844,478.1885681152344,184.84999084472656,247.3800048828125,328.3388671875
2026-01-12,260.0067138671875,476.09332275390625,184.92999267578125,246.47000122070312,331.62652587890625
2026-01-13,260.8059387207031,469.5981750488281,185.79994201660156,242.60000610351562,335.7336730957031
2026-01-14,259.71697998046875,458.3338928222656,183.1300811767578,236.64999389648438,335.603759765625
2026-01-15,257.9685974121094,455.6200866699219,187.03988647460938,238.17999267578125,332.5458984375
2026-01-16,255.29112243652344,458.8127746582031,186.21990966796875,239.1199951171875,329.7678527832031
2026-01-20,246.46937561035156,453.48492431640625,178.06036376953125,231.0,321.77349853515625
2026-01-21,247.41848754882812,443.0986328125,183.31008911132812,231.30999755859375,328.1490173339844
2026-01-22,248.1178436279297,450.1126403808594,184.82998657226562,234.33999633789062,330.3074951171875
2026-01-23,247.80812072753906,464.888916015625,187.6598358154297,239.16000366210938,327.6993103027344
2026-01-26,255.17123413085938,469.20904541015625,186.4599151611328,238.4199981689453,333.02557373046875
2026-01-27,258.0285339355469,479.485595703125,188.50979614257812,244.67999267578125,334.31463623046875
2026-01-28,256.2002868652344,480.533203125,191.5096435546875,243.00999450683594,335.7736511230469
2026-01-29,258.0385437011719,432.5128173828125,192.49957275390625,241.72999572753906,338.0120544433594
2026-01-30,259.2374267578125,429.31011962890625,191.11965942382812,239.3000030517578,337.7622375488281
2026-02-02,269.7575988769531,422.4058837890625,185.59996032714844,242.9600067138672,343.4482421875
2026-02-03,269.22808837890625,410.2735595703125,180.33023071289062,238.6199951171875,339.47100830078125
2026-02-04,276.23150634765625,413.2467956542969,174.18057250976562,232.99000549316406,332.80572509765625
2026-02-05,275.6520690917969,392.7735290527344,171.87069702148438,222.69000244140625,331.0169677734375
2026-02-06,277.8599853515625,400.22650146484375,185.39996337890625,210.32000732421875,322.63287353515625
2026-02-09,274.6199951171875,412.65814208984375,190.0297088623047,208.72000122070312,324.09185791015625
2026-02-10,273.67999267578125,412.328857421875,188.52978515625,206.9600067138672,318.3558654785156
2026-02-11,275.5,403.4491271972656,190.0397186279297,204.0800018310547,310.7412414550781
2026-02-12,261.7300109863281,400.9248962402344,186.9298858642578,199.60000610351562,308.7826232910156
2026-02-13,255.77999877929688,400.4060974121094,182.80010986328125,198.7899932861328,305.50494384765625
2026-02-17,263.8800048828125,395.95623779296875,184.95999145507812,201.14999389648438,301.8075256347656
2026-02-18,264.3500061035156,398.69000244140625,187.96981811523438,204.7899932861328,303.1166076660156
2026-02-19,260.5799865722656,398.4599914550781,187.88983154296875,204.86000061035156,302.636962890625
2026-02-20,264.5799865722656,397.2300109863281,189.8097381591797,210.11000061035156,314.7584228515625
2026-02-23,266.17999267578125,384.4700012207031,191.53964233398438,205.27000427246094,311.2708740234375
2026-02-24,272.1400146484375,389.0,192.83956909179688,208.55999755859375,310.6813049316406
2026-02-25,274.2300109863281,400.6000061035156,195.54940795898438,210.63999938964844,312.67987060546875
2026-02-26,272.95001220703125,401.7200012207031,184.87998962402344,207.9199981689453,307.1637878417969
2026-02-27,264.17999267578125,392.739990234375,177.180419921875,210.0,311.54071044921875
2026-03-02,264.7200012207031,398.54998779296875,182.47012329101562,208.38999938964844,306.3043518066406
2026-03-03,263.75,403.92999267578125,180.04025268554688,208.72999572753906,303.3664245605469
2026-03-04,262.5199890136719,405.20001220703125,183.03009033203125,216.82000732421875,302.9167785644531
2026-03-05,260.2900085449219,410.67999267578125,183.330078125,218.94000244140625,300.6683349609375
2026-03-06,257.4599914550781,408.9599914550781,177.8103790283203,213.2100067138672,298.30999755859375
2026-03-09,259.8800048828125,409.4100036621094,182.64010620117188,213.49000549316406,306.3599853515625
2026-03-10,260.8299865722656,405.760009765625,184.760009765625,214.3300018310547,307.0400085449219
2026-03-11,260.80999755859375,404.8800048828125,186.02999877929688,212.64999389648438,308.70001220703125
2026-03-12,255.75999450683594,401.8599853515625,183.13999938964844,209.52999877929688,303.54998779296875
2026-03-13,250.1199951171875,395.54998779296875,180.25,207.6699981689453,302.2799987792969
2026-03-16,252.82000732421875,399.95001220703125,183.22000122070312,211.74000549316406,305.55999755859375
2026-03-17,254.22999572753906,399.4100036621094,181.92999267578125,215.1999969482422,310.9200134277344
2026-03-18,249.94000244140625,391.7900085449219,180.39999389648438,209.8699951171875,307.69000244140625
2026-03-19,248.9600067138672,389.0199890136719,178.55999755859375,208.75999450683594,307.1300048828125
2026-03-20,247.99000549316406,381.8500061035156,172.92999267578125,205.3699951171875,301.0
